userName,score,at,content
임호준,1,2025-02-23 00:00:28,7일 무료 혜택 있는거 맞아요???
:,1,2025-02-22 21:48:21,제발 이상한 광고 좀 안나오게 해주세요 공부하는 데 쓰이는 앱인데 자꾸 음란한 광고가 나옵니다. 스카나 학교에서 민망해지네요. 광고가 긴 것은 괜찮은데 무슨 광고가 일본 오타쿠애니광고만 계속 나오니까 진짜 민망하고 화가 납니다. 너무하네요 진짜 아무리 돈 벌고싶어도 애들 공부하는 앱에 이런광고 내보내면서 돈벌고싶나요
이영심,4,2025-02-22 18:45:56,괜찮긴 한데 답이 다 틀리네요;;ㅎ
백근영,1,2025-02-22 16:15:14,아니 광고가 나온다 치더라도 너무 길잖아요... 아니 5초 뒤에 나갈 수 있게라도 하던가.. 광고를 끝까지 다보게 하면 에휴...
이현민,1,2025-02-22 14:59:39,광고시간이 너무 많이 늘어나서 비효율적
김동언,1,2025-02-22 13:13:37,광고개기네
김세현,1,2025-02-22 12:52:59,광고가 너무 많고 길어요
감0991,1,2025-02-22 11:51:36,아니 광고가지고 뭐라 안 할려 했는 데ㅋㅋ 배민 15초짜리 광고 계속 틀어주는 건 ㅋㅋ 돈을 얼마나 쳐받아먹은거냐
소민규,4,2025-02-21 11:58:06,테블릿에서 사용할때 가로모드가 안돼서 불편해요
김한성,5,2025-02-21 09:14:56,광고 그만 보내라 마지막 경고다
최진웅,5,2025-02-21 00:44:30,굿
이문원,2,2025-02-20 11:55:22,업데이트 후에 프리미엄 안하면 ai도 사용못하고 검색해도 젤 상관있는 문제가 동영상 풀이이고 나머지는 상관없는 다른 문제들이 나오는데 그 동영상 풀이를 절반밖에 못보니까 앱이 쓸모가 없어요.. 문제를 못출어서 공부도 못하고 그냥 광고만 봐야함. 챗 gpt가 더 나을듯
베베남매,5,2025-02-20 09:44:01,감사합니다 진짜ㅠㅠㅠ콴다 짱😍😍😍😍😍😍
신서우,3,2025-02-20 01:44:33,다 좋은데 예전에는 광고가 5초정도 였는데 요즘에는 30초짜리 광고도 나와요
박소민,1,2025-02-19 23:43:16,최악 광고 개많음 문제 하나 볼려면은 30초짜리 광고 두개 봐야함
이지유,5,2025-02-19 20:54:05,너무 좋고 이해를 하지 못해도 다시 물어보면 이해할 수 있게 대답해 주어서 너무 좋아요! 단점. 유료라는거 뿐 입니다.
표현호,1,2025-02-19 15:56:27,콴다 절대 깔지 마세요 콴다AI가 틀린 내용만 알려주고 계산 실수를 너무 많이 해요 그리고는 추가 질문 수를 제한해서 올바른 내용을 알 수도 없어요 콴다AI를 사용하는 사용자가 프리미엄이 아니더라도 이런 올바르지 못한 내용을 알려주면 안됩니다 다시 업데이트를 해주세요
김민주,5,2025-02-19 12:08:07,조아용
NTLF,1,2025-02-18 21:32:02,마지막 정답에 할수 없다면서 안 나옵니다 속지마세요.
jeeyoul hur,5,2025-02-18 19:30:27,아이들 공부할 때 저도 시간이 지나서 기억이 안 나서 고민이었는데 이걸로 찍고 몇초 기다리니 답이 나오고 풀이 과정까지 있어서 아이들 가르칠 때 저도 복습하는 것 같아서 좋네요..
꾸미&꾸시,5,2025-02-18 12:30:13,너무 좋아요
이찬규,3,2025-02-18 11:17:43,돈은 왜내는 거죠?
이서연,3,2025-02-18 10:16:35,"저는 이 앱을 거의 2달정도 써본 유저입니다. 일단 장점은 번역도 할 수 있고, 수학 모르는 문제도 풀 수 있고, 또 수식 계산기도 있어 아주 좋은 앱입니다. 다만, 단점은 번역과 사진 찍어서 풀이 나오는 것들은 한정되어있는데, 풀이 나오는건 2번밖에 하지못해요. 그리고 선생님께 물어보는것도 있는데, 코인이 필요해서 그건 무조건 현질을 하거나, 코인 미션 1개밖에 못해요.. 근데도 2000c모으니까 괜찮은데 다만 제가 물어보려고 하는 것들은 죄다 3000c이상이여서 딱히 할 수 있는게 없네요.. 미션 많이 올려주시고 제가 말한 단점들 횟수 좀 늘려주시면 감사할것 같아요!"
LSY,1,2025-02-17 16:26:03,그냥 이제 콴다 쓰지 마세요. 돈에 눈이 멀아서 이제는 예전이랑 달라졌습니다. 예전에는 문제 풀이 광고 인터페에스도 깔끔하고 길어봤자 5초인데 이제는 무슨 양산형 게임 광고나 잔뜩 나오고 심지어 ai수준도 그냥 쓰레기입니다. 몇 번 검색으로 썼는데 쳇gpt가 훨씬 똑똑하고 수학은 맞는 풀이 준 적이 거의 없습니다. 요즘 돈 때문인지 광고도 그렇고 퇴보한듯 싶네요
이가은,1,2025-02-17 15:23:17,구독 취소 어려움이 많음
성채린,4,2025-02-17 15:05:38,다 좋은데 문제를 많이 못 물어봐서 아쉬워요ㅠㅠ
강우진,1,2025-02-17 05:12:43,아니 옛날에는 안이랬는데 광고 오지게 심하고 프리미엄 유도도 심하고 밖에서할때 광고는 잘만나오는데 검색결과는 뒤지게 느림 그리고 업뎃되고 광고늘어나서 생긴 AI문제풀이?그거는 개쓰잘데기없음 그냥 다틀림 덧셈뺄셈도 못함 양심있으면 광고줄이고 동영상은 좀 공짜로보게 해라 그리고 원래5초가 광고 최대였는데 갑자기8초됨 ㄹㅈㄷ임 쓰레기앱 와~광고2초늘어서 10초됨 나가라그냥
김주원,5,2025-02-17 01:49:25,모르는문제의 풀이를 쉽게설명해줍니다
세경,3,2025-02-17 01:14:23,제가 나누기를 찍어서 했는데 왜 소수 곱셈이 나오죠?...그래서 좀 그랬어요...이 점만 고쳐주시면 조을거 가타요! 그럼 조은 하루되세용
원준희,4,2025-02-15 03:34:47,자동결제되어 환불요청하였으나 아직 환불되지않았습니다 환불해주세요
윤종협,1,2025-02-14 17:52:54,프리미엄인데 콴다 AI가 말도 못 알아먹고 답변도 애매모호하게 하네요. AI가 자신에 대한 확신이 없네요.
김예린,5,2025-02-14 13:49:24,집에서 컨닝 할 때 좋아요!!!
채윤지,3,2025-02-14 11:48:11,다 좋은데 유료라는 점 과 물어보거나 검색했던 내용을 다시 못봄 특히 ai는 원상복구가 안됨 또 스터디 구룹은 그냥 타이머랑 똑같음 그리고 어떤 사람들은 그냥 답지라고 생각하고 빼기는 경우 가 대부분일것 같음
김재중,1,2025-02-14 09:06:11,무료 체험했다가 실수로 결제되서 바로 한불 했는데 환불 안된다고 하네요
김수진,1,2025-02-13 14:15:13,사진 찍어서 풀이보려는데 자꾸 관련도 없는 문제들만 나와요
채준,1,2025-02-13 02:25:08,돈 벌어야되니까 광고 넣는건 이해하는데 자꾸 은근슬쩍 시간을 늘리네요. 적당히 5초에서 끊어주세요.
조윤서,2,2025-02-13 01:39:17,진짜 말도 안나오네요.. 공부하는 사람들을 위한 앱이라면서 광고는 왜이렇게 많이 나오나요? 광고는 기본 5초에 풀이보기 바쁜데 검색할때마다 광고.. 공부하는 앱에서 풀이에 더 관심있지 광고에 더 관심있겠습니까? 심지어 요즘엔 찍어서 검색해도 단원만 같지 아예 다른 풀이법이 나오고 광고 긴건 이해합니다 돈 더 벌어야죠 하지만 관련 없는 풀이 나오는 건 뭡니까? 그냥 풀이가 없다고 나오면 그러려니 하지만 같은 문제 찍을때마다 다 다른 풀이법 나오고 무슨 끼워 맞추기도 아니고... 들어갈때 캡처할때 검색할때 로딩은 얼마나 또 오래가는지.... 개선 부탁드립니다
그냥사람,1,2025-02-12 14:27:11,찍어도 답이 안나오고 프리미엄 결제 광고만 뜸
유예건,5,2025-02-11 19:11:42,광고가 조금뜨는건 있는데 모르는문제를 거의 다자세히 알려줘서 잘쓰고있습니다 이정도면 광고조금도 좋네요!
김인상,5,2025-02-11 18:55:42,공부하기 쉬운어플
han h,1,2025-02-10 13:29:19,제가 모르는 문제가 많아서 물어 보려고 깔았는데 두번만 할수있어 그점 싫구요 저희 부모님이 결제하는걸 반대하셔서 결제를 안하고 사용중이긴해요 그리고 모르는문제 물어보기(?) 그걸 제한 없으면 좋을것같아요.. 그리고 한번 잘못 찍어서 다시 찍으려고 하니깐 안돼고 한번으로 줄었어요. 이문제들 고처주시면 바꾸겠습니다.
지호,1,2025-02-09 22:16:50,ai문제 풀기가 1번 쓰고 유료네요...
qw er,1,2025-02-09 18:13:25,광고좀 없애주세요
정영선,5,2025-02-09 09:30:44,혼공하는데 많은 도움이 됩니다.
최선희,1,2025-02-08 19:12:32,아니 AI풀이가 정확하지 않고 계속 몇개씩 틀리네요.제가 공부하려고 깔았는데 오히려 이상하게 공부되는거같아요
초름.,1,2025-02-07 17:59:23,정말 오래전부터 썼는데 옛날에 비하면 최악인 상태가 됐습니다. 프리미엄 결제 유도 심각한건 말 할 필요도 없고요 프리미엄이어야만 쓸수있게 해논 기능이 심각하게 많습니다. 물론 콴다 쪽 분들 입장에선 돈이 벌리는게 중요한건 알지만... 이건 좀 아닌 것 같습니다. 게다가 문제 검색도 너무 불편해졌어요 굳이 왜 이렇게 업데이트하셨는지 이해가 안갑니다 옛날엔 결제 유도도 거의 없었고 선생님들께 질문하는것도 유료가 아니라 부분무료였는데...
쿠아페,1,2025-02-06 19:58:31,콴다 프리미엄 결제하고 동영상 풀이 보고 있는데 결제함에도 불구하고 계속 결제하라는 창이 뜨네요. 프리미엄 결제한 1년7개월동안 이랬던 것 같은데 나머지 기능에는 정말 만족하고 사용하고 있습니다 오류가 정정되면 별점 5점으로 올려드리고 싶습니다 그리고 요즘들어 패치된 것 같은데 여러문제가 검색하려고 하면 동시에 찍히는데 이게 정확성이 이전보다 현저히 떨어집니다. 기존의 검색방식을 살려서 옵션으로 만들어주셨으면 합니다. 그리고 계속해서 2년동안 사용하면서 느끼는건데 앱이 실행중지? 크랙빈도가 너무 높습니다. 이에대한 최적화도 좀 필요할 것 같습니다 긴 글 읽어주셔서 감사합니다 항상 애용하고 있습니다.
임명진,4,2025-02-06 13:14:41,"안녕하세요.이 앱을 1년정도 사용한 유저입니다.와...너무좋아요 어디 놀러나가야할때 어머님이""야!너 공부 다하고가!알겠어?""하시는 분들이 몇몇 계십니다.그래서 막상 문제풀떼 어려운 경우가 많습니다 근데 이 맵을 사용하니 공부가 빨리 끝나요.그리고 이해도 쉽게 되니깐 좋아요.근데 광고랑 프리미엄 결제 강요를 너무 하더라고요.이것만 없애주시면 별 5개가 될 것 같습니다"
개잡이,4,2025-02-06 12:50:25,"안녕하세요. 콴다를 잘 사용하고 있는 학생입니다. 콴다를 사용하면서 불편한 점도 많았고 좋았던 점도 많았습니다. 좋았던 점은 모두가 아는 그냥 AI 앱 이다보니 신빙성도 있고, 또한 모르는 문제도 잘 가르쳐주어 좋았습니다. 내가 공부를 얼마나 했는지 알 수 있는 타이머와 다양한 영어 관련 문제가 있는 것도 좋았고요. 하지만 단점도 있었습니다. 타이머는 핸드폰이 꺼지면 멈췄고요.(항상 앱을 키고 있어야함.) 그리고 모르는 문제나 궁금한 점에 대해서 물어보는 시스템도 합쳐서 2번밖에 되지 않았습니다. 모르는 문제가 2개밖에 있는 것도 아닌데 그렇게 횟수 제한이 있는게 답답했습니다. 심지어 횟수를 늘리고 싶으면 유료 결제를 하라고 그러더라고요. 현질 유도가 심한 거 아닌가..? 라는 생각이 조금씩 들기 시작하네요. 그리고 아까 말했던 타이머는 항상 앱을 키고 있어야 하지만 그냥 아예 앱을 나가지 않고 화면에만 안 보이도록 하면 웹툰을 보는 그냥 흘러서.. 그건 좀 아쉽네요."
THISSHINE이윤기,4,2025-02-06 05:02:40,도움을 많이 받았습니다
안홍범,5,2025-02-06 00:11:37,따봉 👍
최재순,5,2025-02-05 23:41:51,이 앱은 인생 최고의 앱임.이건 10점
yuni iris,5,2025-02-05 20:56:27,진짜 온갖 칭찬 다하고 싶지만 참겠습니다...
Jinyoung Kim,5,2025-02-05 18:01:40,너무 잘 사용하고 있어요 감사합니다
임영의 (임쌤),1,2025-02-05 16:44:08,콴다 이런거 쓰지말고 해법으로 오세용^^ 나 영의띠 50살 넘는데 쏘 큐티함 ㅋ
성낙민,1,2025-02-05 15:29:37,아니 왜 질문 안돼
홍승우,4,2025-02-04 23:43:04,"제가 ai질문으로 2빼기 마이너스 4분의 3은뭐야? 라고했더니 2에서 $-\frac{3}{4}$를 빼면, $2 - (-\frac{3}{4})$ 이에요. 뺄셈은 덧셈으로 바꿀 수 있으므로, $2 + \frac{3}{4}$로 바꿔서 계산할 수 있어요. 2는 $\frac{8}{4}$와 같으므로, $\frac{8}{4} + \frac{3}{4} = \frac{11}{4}$ 이에요. 라면서 답은 $\frac{11}{4}$ 라고나옵니다"
고경호,4,2025-02-04 18:46:05,결제 유도가 많다는 거 빼고는 좋은 앱이네요
김민영,5,2025-02-04 16:49:00,굿
ycs ycs (미란마),1,2025-02-04 16:16:25,어플 잦은 충돌오류
만석이,1,2025-02-03 23:33:59,"갑자기 잘되다가 새로고침을 해야한다나,,"
조재율,5,2025-02-03 18:37:51,앱 깔고 몇칠쓰다 보니깐 기능이 몇개 사용이 안되더라구여 그래서 한동안 안했는데 한 5일쯤 지나고 갑자기 제 계좌에서 자동결제가 되더라고요 이런거 신중하게 하는 편이라 결제나 무료체험 같은거 뜨면 꼼꼼히 읽어보고 넘기거나 화면을 닫는데 갑자기 그것도 몇칠뒤에 결제가 되서 당황했습니다 어떻게 된건지 확인해주시면 좋을듯하네요 그리고 결제 되고나서 앱에서 사용한것도 문의 말고는 없습니다 되도록이면 조취가 취해지면 좋겠습니닷^^ 앱 자체는 광고가 좀 나오는걸 빼면 아주 편하고 좋았습니다 앱 안에서도 문의 올려 놨으니 확인부탁드립니다 감사합니다
정종인,5,2025-02-03 16:51:13,걍 앱이 편해요 모고 이런거 아니면 문제집풀때 학원쌤 대용임 ㄹㅇ
ᄒᄒᄒᄒ,1,2025-02-03 11:39:59,태블릿모드도 내주세요
한영수,3,2025-02-03 09:32:37,"잘 이용하고 있습니다만, 태블릿에서 실행할때 문제검색이 안되고 가로세로 화면전환만 일어나 풀이검색을 할 수없는 오류가 있습니다. 프리미엄을 결제했는데도 이러네요 빠른 시일 내에 고쳐주시길 바랍니다."
순수,1,2025-02-01 14:49:41,솔직히 프리미엄 매월 18500원은.. 너무 비싼 것 같아요. 큰 혜택이 있는 것도 아니고.. 학생 입장으로써 조금 부담되는 가격이네요. 문제 풀이도 그리 다양하지 않은 것 같고요. 하여튼 저하곤 안 맞는 것 같습니드
김만,1,2025-02-01 14:43:31,삭제되어서 다시 씀 왜 명절에 돈을 결제함? 내가 정기적으로 돈 쓰지도않았고 7일무료체험 했는데 말도 없이 돈을 훔쳐가냐? 휴일 끝자락도 아니고 중간에 쌔벼서 있지도않은 휴일만들어서 쉰 다음에 환불도 안해줄려한거임? 진짜 최악이다 학생들이 주로 쓰는앱에 이런 장난질 처논거 역겨움 문의만 넣으라는 말만 하면 다냐고 정신 좀 차려라 교육용 맞아? 학생때에는 10000원도 소중한가 20000원가까이의 금액을 말도 없이 고객센터 쉬는 날에 가져가는게 말이 되냐고 내가 콴다하고만 얘기할려다가 리뷰남김 절대 쓰지마셈 속물 지리는 앱 이런 앱한테 돈 받치는거 차라리 EBS앱 프리미엄 쓰세요 생각할수록 파렴치하다 문의만 넣으면 끝이냐? 어떤멍청한애가 7일지나면 환불 안된다는 규칙 같지도 않은 규정을 만듬 삼류 유투버한테 돈주면서 양산형광고 줄빠엔 말도 안되는 규정이나 고치고 환불이나 처해라
밍찌,1,2025-02-01 08:42:02,결국 출책으로 얻는 질문권 없앴네 개선한다 말만 하시고...그러면 검색할때 나오는 광고 횟수나 영상 길이좀 줄여주시면 좋겠어요 너무 광고도 자주나오고 길이도 긴게 많아서 시간낭비하는 기분 들어요 되게 불편하기도 하고 긴건 중간에 스킵도 안떠서 좀 그렇네요
이윤지,4,2025-01-31 15:34:15,콴다잘쓰긴합니다 근데 문제사진찍으면문제도 풀이잘해주고너무좋아요 근데 문제다섯번정도찍으니 돈을내야지찍을수있다는것같더라고요 그래서 기분이 안좋았네요
로모2,1,2025-01-31 11:48:51,어후.. 말이 안나오네.. 광고는 드릅게 긴데 정확성은 참..
아사바길도윤,5,2025-01-31 10:50:39,0.3+ \dfrac{ 1 }{ 2 } 수학숙제할때 편해졌어요
홍경택,1,2025-01-30 23:50:42,결제 유도 너무 심함
이은호,1,2025-01-30 22:01:20,아니 일주일 무료 체험이라 정기결제 무료 체험하고 취소했는데 며칠 뒤에 또 돈이 나가있어서 환불 요청도 안되서 몇십분을 울었어요 왜 갑자기 정기결제가 또 됬는지도 모르겠는데 다신 안 쓰겠습니다
박선요,2,2025-01-28 14:00:21,영 단어 레벨 선택 기능 있음 좋겠고 ai 문제풀이 제발 프리미엄아니어도 되면 좋겠음. 비슷한 문제 검색밖에 없는게 아쉬움.
김시호,5,2025-01-27 21:11:01,너무 좋습니다
클래시로얄 잘함,4,2025-01-27 20:12:09,너무 좋아요 네 너무 좋은데 유료입니다ㅠ
김재현,5,2025-01-27 17:17:28,진짜 좋네요 공부하다가 도저히 모르겠을 때 찍어서 문제 풀이를 보니 설명도 쏙쏙 들어오고 좋아요 ㅎㅎ
김동희,1,2025-01-27 16:51:01,국어를 찍었는데 수학이 나오고 영어가 나오고 개판임
고호준,5,2025-01-26 19:48:44,좋아요
이태헌,1,2025-01-26 11:50:16,Ai풀이 답이 거의 다 틀리네요;;
강다윤,2,2025-01-26 07:06:53,수학문제 풀이 해주는건 좋지만 문제의 사진 찍어서 풀이 해주는건 사야함;;; 제한 없게 해주면 좋겠음
민박사,1,2025-01-26 01:50:18,"자녀가 이 앱을 무료인줄 알고 설치했는데 왜 내가 쓰는 휴대폰에 동의하지 않았음에도 요금 18,500원이 청구 됐으며, 청구 당일 요금 청구건에 대해 취소해달라고 게시판에 문의 남겼음에도 몇일이 지나도 연락도 없네요! 학생들 상대로 처음에 무료라고 가입시킨후 일정기간 지나면 자동으로 결제되는 전형적인 사기앱 ~"
먼지,1,2025-01-24 21:52:59,"문제를 찍으면 다른 문제가 찍히고, 광고도 너무 많이 나오고, 관련 없는 문제도 나와요. 심지어 AI는 여러번 알려줘도 문제 이해를 못하고 답이 너무 오답률이 높아요. 음수×음수×음수=양수라고 해서 수정해보라고 했는데도 계속 본인이 맞다고 우기는 등의 일이 있어서 믿음도 안가요. 프리미엄 결제유도도 너무 많아요."
josh park,4,2025-01-24 14:59:41,"설명도 이해하기 쉽고 잘 설명해주지만, 가끔 단순 계산에서 틀릴때가 있어 아쉬운점도 있네요. 그래도 만족스럽습니다."
박예슬,3,2025-01-24 11:03:49,풀이를 보고 맞춘 문제도 있지만 자기자신 보다 더 높은 학년으로 풀이가 나와서 불편해요
고기태,4,2025-01-24 07:41:44,수학공부해서 고맙습니다.
하동기,1,2025-01-24 02:52:13,"원래도 광고 많이나왔는데 최근에는 광고 많이나오는건 물론이고, 광고 길이가 굉장히 깁니다 짜증나서 앱 삭제하며 히뷰 적고 갑니다"
임지원,1,2025-01-23 17:58:45,광고좀 적당히
곽재욱,1,2025-01-22 16:45:46,광고 스킵은 좀 하자
one G,1,2025-01-22 14:55:38,갈수록 별로네요 이거 뭐 돈에 미쳐서 광고만 계속 나오고 쓸 데 없는 팝업 계속 떠서 공부에 방해되고요 심지어 답도 안 맞아요 문제 풀이 공부 앱이라는 타이틀을 달고도 뻔뻔하게 이럴 수 있는 건가요? 앱 관리를 어떻게 하는 겁니까? 짜증나서 지웠다가 괜찮아졌겠지 싶어 다시 깔았는데요 이 꼬라지가 되어 있을 줄은 상상도 못 했네요
My Me,4,2025-01-22 14:52:35,안녕하세요 리뷰 수정합니다. 수학문제 풀이는 매우 우수하고 이해가 빠르고 쉽습니다. 하지만 돈을내지 않으면 광고가 많이 나오기 때문에 별점 4점드립니다.하지만 돈을내지않고 이러한 앱을쓸 수 있다는것이 큰 장점인것 같습니다.
hell남,5,2025-01-22 14:06:32,짱조음
권소정 (피글렛),4,2025-01-22 12:40:14,공짜로 이용할 수는 없을까요? 이번에 문제가 너무 어려워서 좀 이용하려 했는데 아쉽네요😢
튤립,5,2025-01-21 09:09:35,유튜브 볼수있어서 별5개
세요?누구,1,2025-01-21 05:19:21,결제 하려고 시도 하지도 않았고 갑자기 새벽에 뜬금없이 자동결제 되었습니다 너무 화가나서 바로 정기결제 취소 눌렀는데 환불은 왜 안되나요 멋대로 앱 깔고 돈 빼가놓고 환불 안 해주시냐고요 내 돈 돌려주시죠 경찰에 신고하기 전에
2 1,2,2025-01-20 20:45:01,나같으면 학생들 공부 열심히 하라고 광고 안넣을듯
행운의비둘기구구,1,2025-01-20 14:28:50,왜 계속 광고에 도박광고가 뜨죠
axxn77,1,2025-01-20 09:24:42,전에는 광고도 적게 나와서 좋았는데 이제는 찍을 때 마다 나와요. 공부하라고 만든 앱 맞나요 이게.?ㅋㅋ
최원준,1,2025-01-20 04:16:18,계정 탈퇴하고 다시 회원 가입할려는데 같은 계정으로는 사용이 안돼서 따로 회원가입 창 같은거 넣으면 좋을것 같아요
기대감100 Shiny100,1,2025-01-19 22:13:41,결재했음에도 불구하고 동용상풀이 중간에 자꾸 구매하라고 햐서 짜증납니다. 구매한 이용자 에게는 영상 끊기지않게 해 주세요..많이 불편합니다 구매3년째.입니다.꼭 수정 부탁해요
유상민,5,2025-01-19 19:53:03,풀이과정을 너무 잘 설명해 줘서 답지를 빼낀다는 느낌보다 설명을 눈으로 읽는 느낌이라 좋은것 같아요
Seo서지현,3,2025-01-19 18:14:52,AI문제풀이에서 갑자기 아무것도 안나와서 나갔다가 들어왔더니 질문기회 하나 날림. 근데 네트워크 확인도 해보고 핸드폰도 계속 확인했지만 계속안됨. 결국 2번째 질문기회도 날림.^^ 이정도면 AI가 문제 풀어주기 싫은거 아닌가요. 오류 작작나면 좋겠는데;;;
그레이크리스틴,3,2025-01-19 14:23:50,1.학년 수정이 안됀다2.타이머가 자동으로 멈춘다
Kunyong Choi,4,2025-01-18 19:47:45,약간의 오답이 있음.
하민선,5,2025-01-18 12:14:17,다 좋은데 혹시 커뮤니티가 안보이는데 뭔가요ㅠ
이준희,1,2025-01-17 14:56:15,님들 이앱 자동으로 돈나감 설지금지
황주성,1,2025-01-17 13:10:27,쓰레기
인서진,5,2025-01-16 20:45:22,수학문제집이 너무 어려워서 못풀때 너무 유용하게 쓰고있어요! 진짜 최고에영
김민준,1,2025-01-16 18:20:38,"한문제에 15~30초 광고, 도박 광고 장난하는거임 대부분 이용자들이 학생인데 카지노 광고는 양심이 터진거 아님? 프리미엄 유도 심하고 광고 길이도 길고 이럴거면 프리미엄 사용자만 쓰게 바꾸던지"
최수영,1,2025-01-16 14:58:25,점점 돈에 미쳐가는거 같아요
뉴작,2,2025-01-16 14:54:23,너한테 물어볼 바엔 GPT한테 물어보는 게 더 빠르겠다 짜@슥아
서시완,5,2025-01-16 12:01:47,굿
이로운,5,2025-01-15 21:30:25,걍 너무 좋습니다👍👍👍👍
주석현,4,2025-01-14 15:50:27,아주 좋습니다
이다은,4,2025-01-13 23:57:40,잘쓰고 있는데요 원래 광고 건너뛰기 나오는데 30초짜리 광고 계속나오면서 건너뛸수도 없어서 너무 불편해요
김태빈,5,2025-01-13 23:22:44,굿
고준영,1,2025-01-13 19:27:48,이앱은 유튜브보다 더하네요 광고를 무슨 하....스킵도 못하게 해놨어..
홍지혁,2,2025-01-13 15:17:12,좋긴한데 광고가 좀 많네요 ㅎㅎㅎ;;
김경미,1,2025-01-13 14:52:29,절대 깔지마셈.자꾸 광고뜨고 이거하려면 구매하라고 자꾸 뜸
정우김,3,2025-01-13 01:58:36,"공부하면서 정말 큰도움이 된 앱인거 같아요. 다만 광고제거,멤버십이 좀 부담이 가는것 같아. 굳이 추천은 안드립니다"
서민교,1,2025-01-12 17:40:16,광고 15초 장난함?
김동현,5,2025-01-10 16:33:32,숙제 풀 때 개꿀
astle C,5,2025-01-10 15:43:23,와 진짜 새로 만든 ai 진짜 개 잘 만든 듯 풀이와 이유를 잘 설명해줌 기존에 답안지 찾아보는 거랑 차원이 다름 질문을 하여 더 물어 볼 수 있다는 것도 너무 좋은 기능임 돈이 없어서 두 번 밖에 못 써봤다는 건 안 비밀
귀여운곰돌이,1,2025-01-10 12:23:12,수정했으니 다시 읽어주세요 마지막 에 있습니다 제가 타이머 오류를 발견했는데 정지버튼을 눌렀는데 정지는 안되고 시계는 개속 움직여서 어쩔수없이 두었는데 부정행위 라하더라구요 억울해서 문의넣었더니 부정행위래요 어이가없습니다 일일이 설명다써서 보냈는데 오류난건 알아서 고쳐야하는 부분 아닌가요?? 오류고쳐주세요 억울하네요 읽으셨다면 고쳐주세요 +이미 오류 접수했는데도 그렇게 떠요 글읽으시고 답변 부탁드려요
김지훈,1,2025-01-10 01:44:16,광고 길이 미쳤나;;; 이젠 공부용으로 쓰기 힘들정도
레루,5,2025-01-10 01:01:06,내인생구원앱 ㄱㅅ
DINOSAUR공룡,1,2025-01-09 18:52:00,AI가 박스 잡아주는기능 생기고 오히려 더 불편해졌어요
문유진,3,2025-01-09 10:50:58,콴다 커뮤니티 안보이네요ㅠ 많이 이용했는데
양고기먹는양,1,2025-01-09 10:25:20,아니 초등학교 문제를 왜 틀려요
김지후,1,2025-01-08 16:45:37,"Ai문제풀이나 질문은 좋은데, 무료횟수가 너무 적고, 학생인 저가 무제한 ai문제풀이 월간결제를 하기에는 18500원이란 가격이 부담스럽습니다.(차라리 Gemini쓰세요;)"
Vazirackcarlgux,1,2025-01-08 14:59:56,학생들이 많이 쓰는 앱인데 도박광고가 많이 나옴
성이름,5,2025-01-08 13:29:49,가장 만족하는건 ai믄제풀이입니다 왜 그렇게 푸는지 어떤개념을 생각해야하는지 문제풀이 상세하게 나오는데 이건뭐...답지보다 더 상세하게나와있음 진짜미침
다원,3,2025-01-08 10:46:34,다른건 다 좋은데 솔직히 공부앱에서 온라인카지노 광고가 왜 나오는지 이해를 못하겠어요. 검색 결과는 10초도 안되서 나오는데 요즘따라 광고가 30초 이상인게 너무 많아서 불편합니다.
Jade,5,2025-01-08 03:57:48,AI가 생각보다 자세히 잘 알려줍니다. 아마 무료체험 끝나고 정기결제해서 이용할것같아요
조연재,5,2025-01-07 22:59:07,가끔 모르는 문제 있을때 쓰는 편 입니다! 광고도 짧고 쓰기 좋은데요! 제가 딱 어제 실수로 프리미엄 결제를 해버렸거든요..? 근데 이거 돈 다시 안 들어오는건가요.. 이틀정도 뒤에 중요한곳에 돈 쓸 일이 있는데.. 혹시 한번 결제 된거면 돈 안 들어오나요..? 제발 답 주세요 ㅜ
한우민,4,2025-01-07 21:11:23,안녕하세요 저번달에 프리미엄 무료 체험을 하고 실수로 프리미엄 구독 취소를 안하고 있었는데요 어제 갑자기 18500원이 빠져나가서 뭔가하고 있었는데 프리미엄이 자동 결제가 됐더라구요.. 혹시 환불은 받을 수 없는걸까요?
햅삐,4,2025-01-07 19:48:36,제가 원하는 문제가 안나와요. 그래도 도움은 되긴 해요
ᄒᄋ,3,2025-01-07 14:23:44,아니정답을몰라서ai한테질문했는데 7+25+7을40이라고하네
김가현,1,2025-01-07 10:19:01,유료고 좋긴좋은데 너무랙이널리네여
포고 하는 전수목,3,2025-01-07 00:46:24,장점 어려운 문제 풀이 도움이됩니다 단점 기회가 2번이라 잘못 찍으면 망함
아그랬어,1,2025-01-06 17:46:58,요즘 광고가 많이 나오셔서 많이 화나시죠 다들? 급한데 광고가 무슨 30초나 하고 앱에서 야비하면 저희도 야비해야죠. 데이터를 키고 영상광고가 나오면 데이터를 잠시 끄면 동영상이 멈추고 X버튼이 나옵니다. 그럼 다시 데이터를 키고 X를 누르면 광고를 더 빨리 스킵할수 있습니다.
박던,5,2025-01-06 16:53:57,🍉
bi ba,1,2025-01-05 22:29:28,교육앱이 아니라 돈내고 해야하는 현질앱이구만 학생들 돈뺐어서 지들 배 불리네
힣힣,5,2025-01-04 23:59:26,숙제 할때 어려운거 이거로 풀고 풀이도 보면 이해 쏙쏙 잘됌!! 그리고 저 이거 설치하고 몇달동안 하다보니까 시험에서 평균 이상의 점수가 나왔어요!!
ᄏᄏᄏ,3,2025-01-01 18:14:18,요즘 광고가 선 넘네
이지호,1,2025-01-01 12:53:26,정말 답없어진 앱
박명진,4,2024-12-31 16:38:46,넘 좋긴한데 광고가 많아진거 같아요
김수련,1,2024-12-29 12:35:20,not bad but I hate the community 🤢🤮🤮
이상미,3,2024-12-26 22:10:39,유명한 문제집이나 모의고사 문제면 대부분 풀이가 바로 나와서 좋습니다. 그런데 답변해주시는 선생님들이 틀리는 경우가 너무 많습니다.. 틀린 답변을 받았음에도 코인이 소모된다는 점도 너무 아쉽습니다. 웬만한 저명한 대학이나 과에 들어가있지 않은 분들은 콴다 선생님으로 선정하는것을 지양하는 것이 좋을 것 같습니다. 감사합니다.
GRANT KJ KIM,1,2024-12-25 05:38:20,어제 업데이트를 하고 선생님 회원으로 변경했더니 커뮤니티를 아예 선택을 못 하게 되어 버렸습니다. 이게 어떻게 된 것인지 빠른 답변 부탁드립니다.
최정우2,3,2024-12-24 22:04:00,앱은 잘쓰고있었는데요 모르고 프리미엄 자동결제가 되서요...하나도 안썼고 환불 요청했는데 다시 돈 들어오는거죠...?
이름,5,2024-12-24 20:33:24,진짜 좋은것 같아요 설명도 자세하게 나와있고 강추드립니다!!
최가온,5,2024-12-23 23:20:07,안녕하세요 몰랐는데 제가 콴다 프리미엄을 구독해서 한달에 18500원씩 나가고 있었더라구요 .. 처음에 무료 체험이라고 하길래 일주일만 하고 끝나는줄 알았는데 그게 아니었나봐요.. 3만7천원이 그냥 결재 되었는데 어떡하나요? 정말 죄송합니다
박태준,1,2024-12-23 22:37:36,이상한 업데이트를 해서 질문도 이상하게 받고 해석도 안해주고 진짜 이전에는 쓸만했는데 업데이트하니까 콴다를 안 쓰게됨.
76 70,1,2024-12-23 17:48:07,영역이 자동으로 선택된 이후로 검색이 제대로 안됨; 원래 잘 됐는데
김준영,5,2024-12-22 22:37:33,좋음
장도란,3,2024-12-22 18:12:51,"제가 회원 탈퇴를 했는데 원상 복구가 안됩니다...이걸 모든방법으로 시도했다가 결국 페이스북 등 어떠한 방법으로 해도 안됩니다... 수학 문젠 갈수록 질이 떨어지고,정확도가??이상해요"
조세은,4,2024-12-22 13:39:11,검색 정확도가 더 높아졌으면 좋겠어요 그래도 쉽게 계산하는것도있고 좋아요!
박소희,1,2024-12-21 11:12:03,업데이트 전에는 모르는 문제의 풀이를 확인하거나 푸는 용도로 잘 사용 했었는데 업데이트하고는 막 이상한 문제 캐치하고 2개 이상 한번에 물어보려면 프리미엄을 결제 하라하고 결제유도가 너무 심합니다 전에는 모르는 한문제를 찍으면 큰 네모박스로 한번에 찍혔는데 이제는 하나하나 작은 문자라도 찍힌거는 전부 짜잘한 네모박스 안에 찍혀나와 검색이 되서 모르는 문제 검색하기도 불편해요
민홍자,5,2024-12-20 21:14:45,너무 좋아용!!
남지민,1,2024-12-20 17:16:02,업댓하면 할수록 답이 이상하게나옴;;
홍두께,1,2024-12-19 19:11:52,광고가 너무많이떠요
이나현,1,2024-12-18 17:06:52,하루에 2번 밖에 못합니다 제가 모르는 문제는 2문제 이상인데 그래서 하루에 뭐 룰렛도 아니고 2번밖에 못해서 다른 문제를 풀려면 하루를 기달려야 합니다
ZETA아담,2,2024-12-18 01:02:00,ai성능이 너무 않좋네요
chrysanthemum park,5,2024-12-17 21:47:53,굿보이
박쥬블,5,2024-12-17 21:31:39,답알려주는앱아주굳
나짜증나게 하지마라,5,2024-12-17 17:44:51,느므조타 dd
Ghp,1,2024-12-16 21:14:45,"광고 너무 많고 김, 업데이트 할수록 검색기능이 불편해짐"
김나현,1,2024-12-16 07:54:03,잘 안나옴 결제 유도 심함
공백 ',1,2024-12-15 22:29:57,업데이트 하고 광고도 엄청 나오고 문제 검색하는 방식도 바뀌어서 불편해요
윤준수,1,2024-12-15 01:44:50,업데이트 후 검색이 안됨
강민수,1,2024-12-14 20:48:09,제가 모르고 무료라길레 프리미엄 구독했는데 선물살려고 모은건데 거의 19000원이 빠져나갔는데 못 돌려받나요? 제발요ㅜㅜㅜ.....용돈 모은건데..
김시윤,1,2024-12-12 22:15:58,업데이트 하고나니까 뭐가 나오질 않아요ㅋㅋ
한유찬,1,2024-12-12 18:08:43,AI 문제 풀이로 모르는 문제 찍고 하고 그문제 채점하고 있었는데 틀렀다 하네요? 어떨 때는 AI 문제 풀이 가 정확하지 않을때가 많아요
정재현,1,2024-12-11 22:51:20,30초짜리 영상광고를 넣어놓는건 좀 아니지 않나요? 광고보는 도중에는 나가지도 못하게 해놨던데... 업뎃하면서 추가한거 같은데 개선부탁드립니다
크리스티아누메시,5,2024-12-11 18:01:21,쌈1뽕함
강**,2,2024-12-11 00:27:03,AI 풀이가 답을 잘 못맞춤
진예림,2,2024-12-10 05:22:23,광고가 너무 많이 나와요. 이해를 하려고 해도 정도가 있지 광고가 너무 자주 나오고 계속 결제 유도하는거 좀 그럽니다. 그래도 유용해서 쓰고 있어요
강**,2,2024-12-09 22:56:01,아니 자꾸 틀린답만 이야기하는 AI 는 왜 넣은겁니까 시간만 오래 걸고
김도엽,5,2024-12-09 22:46:38,굿굿 광고만 없다면 말이죠
박준세,5,2024-12-09 16:25:01,AI문제 풀이 생기고 GOAT됨
왜그러세요,1,2024-12-09 01:01:20,이건뭐앱을이용하라는거야말라는거야 아오ㅋㅋㅋ
ruu Mo,1,2024-12-08 19:09:27,업데이트 이후로 예전엔 잘 뜨던 문제들도 아예 안뜨고 자꾸 문제가 없다 이러는데 왜그러는거죠 진짜; 흔한 문제들도 풀이가 아예 안떠요 너무 짜증납니다
홍연희,5,2024-12-08 16:50:30,형이 도와준 이 앱으로 해서 해봤는데 답만 나오고 이유가 안 나오고 찍었는데 문제도 제대로 찍히질 않아요
김민진,3,2024-12-08 10:20:08,콴다 프리미엄을 가입했는데 문제를 여러개 찾을때 다시 결재하라고 뜨네요. 나머진 다 좋은데 이점만좀 고쳐주세요
김준성,1,2024-12-08 00:36:26,업데이트 이후로 문제 인식도 잘 안되고 인식한다해도 관련성 없는 문제 풀이와 수식 연산식 밖에 안나옵니다. 원래돠로 돌려주시길 바랍니다.
오성주,1,2024-12-07 21:30:07,아니 질문하는 거에 제한을 두면 뭐 어쩌자는 거야 이럴 거면 앱 자체를 돈 받고 깔개 하던지 이게 뭐야 그리고 전에는 문제 찍으면 해설지 나왔는데 지금은 나오지도 않고 진짜 콴다 거의 1년째 쓰는데 실망이다 너 같은 놈들한테는 1점도 아깝다
이태건,1,2024-12-07 16:36:25,제가 콴다프리미엄 가입하고 한달되기전에 구독을 취소했는데 왜 돈이 나갔는지 알수있을까요? 이용약관에는 분명 한달되기전에 구독을취소하면 돈이 나가지않는다고 나와있는데 당황스럽네요. 심지어 저는 학생이라서 저에게는 작은돈으로 느껴지지않는데 혹시 이유를 알수있을까요?
계란우유,1,2024-12-07 15:13:48,업데이트 진행될 수록 앱이 퇴화 하네요 ㅋㅋㅋㅋ... 정확성 왜이리 떨어짐
공벤,2,2024-12-07 14:40:00,답을 알고싶은게아니고 풀이과정을알고싶은데 답만나와요오ㅜㅠ
김효린,1,2024-12-06 23:49:54,업데이트를 하고 나서 제대로 된 검색이 안됩니다.
이범,1,2024-12-06 22:14:09,프리미엄 큐터 삭제하고 ai들어온거 매우 비호감이네요 그렇게 좋아진건지도 모르겠는데 캡쳐도 허용안하는데 복사도 안되면 일일이 다 적으라는걸까요? 콴다 프리미엄에 결제에 대해서는 앞으로는 좀 고민이 될 것 같네요
호호,1,2024-12-06 19:28:16,업데이트이후 검색이 더안되는건 뭔지 .... 결제해서 더 잘 검색한다는 보장있는건가요 ....
송우다,1,2024-12-06 17:47:43,제발 이전으로 돌아가주세요
저팔계,1,2024-12-06 17:19:00,아니 무슨 또다른 기능이 생겼다더니 별거 없네. 새기능으로 문제 찍으니까 한 문제 부분만 맞춰서 할려고 해도 맞추지는 못하고 한 문제 주변에 있는 문제들이 삼삼오오 다 찍히면서 또다시 찍어야함;; 그리고 평소기능으로도 찍을려고 하니까 7일 무료 체험? 몇 년동안 잘 쓰이고 있었는데 중간에 끊는 건 뭐에요; 새기능으로 찍으니까 닮은꼴 문제는 안 나오고 그냥 다른 문제들만 수두룩하게 나오던데 아니 그냥 평소기능으로 진행하면 될 것을 뭘 또 새기능 만들어싸..;;;
윤수아,1,2024-12-06 10:12:57,아니 무슨;; 업데이트 하니까 예전에는 잘만 검색됐던것들이 이젠 나오지도 않네요 잘.. 다른 앱으로 갈아탈렵니다 갈수록 퇴화되는 앱은 필요없어요
김경민,1,2024-12-06 08:27:10,이번 업데이트 이후로는 진짜 답이 없다.
이소여,2,2024-12-06 00:10:40,며칠 전 만해도 풀이과정이 나왔는데 다시 찍어보니까 풀이과정이 안나온다고 하고... 업데이트를 할수록 이게 뭐죠?? 현질하라고 대놓고 말해주지......
심우성,1,2024-12-05 21:06:30,이번 업데이트로 앱이 너무 쓸모없어짐 전보다 문제 검색 방법에서 불필요한 과정들이 훨씬 많아지고 문제 검색 결과가 뜨지않는경우가 대다수 최악입니다.
ᄉᄋ,2,2024-12-05 19:48:33,좀 당황스러운데 이젠 문제 찍는것도 유료입니까? 광고도 아니고... 참..
김성민,1,2024-12-05 15:11:46,같은 문제 찾는 확율이 많이 안좋다
이나리,1,2024-12-05 08:32:16,업댓을 하면 할수록 프리미엄 이니머니 해서 코인이나 사라고 하고 질문 갯수도 제안하고 제발 예전처럼 돌아갈 수 있도록 해주세요
김진호,2,2024-12-05 01:26:50,업데이트를 하니까 정확도가 확 떨어짐. 얼마전까지만 해도 1문제 검색이 있어서 빠르고 정확하게 검색할 수 있었는데 지금은 정확도도 떨어지고 불편하게 업데이트 했는지... 이해가 안됨
김규범,1,2024-12-05 01:24:30,검색 기능이 전체적으로 좀 멍청해졌네요 프리미엄에 더 중점을 둔듯...
김지원,3,2024-12-04 21:38:21,업데이트 하기전이 더 나은듯
안세인,1,2024-12-04 19:23:00,와 이젠 검색방법자체를 모르겠어요 검색결과 없음도 겁나 뜨네요...
냠냠,1,2024-12-04 18:01:03,이번 업데이트로 ai가 너무 쓰레기됨
버스 노선FUTA,5,2024-12-04 17:31:23,충분한 에너지를 얻을 때까지 일하십시오. 별 5개
이경선,1,2024-12-04 16:46:30,점점 돈의 의도가 높아지고 있음
한지후,2,2024-12-04 13:45:32,업데이트를 하면 할수록 구려져요... 이제는 문제 검색도 잘 못 함.
주아,5,2024-12-03 20:12:44,수식계산기 진짜 너무 좋아요.. 단계별로 잘 나열되어 있고 제가 잊은 진짜 기초 개념까지 가져와서 계산을 풀어 설명해주니까 정말 도움됐어요..ㅜㅠ 진짜 수학학원이 필요없음
박대훈,5,2024-12-03 17:18:03,나이스
씨정민,1,2024-12-03 13:49:05,광고가 있다는건 그렇다치는데.왜 문제검색도 마음대로 조절못하게 하나요?? 제가 직접 검색할문제만 사진자르는기능이 좋았는데 갑자기 인공지능이 문제인식하는데 터치도 이상함
쉢붽,1,2024-12-03 02:12:35,"업데이트를 하면 할수록 검색 정확도는 더 낮아지고, 프리미엄 결제 유도는 더 심해지고.. 콴다는 모르는 문제를 풀어주는 어플이 아니였나요?? 몇개월전엔 이거 검색해야지~ 하면 그 문제가 잘도 나오던데 요즘은 ""5개의 문제를 찾았어요~"" 하고 비슷한 문제만 나오고 자신이 찾는 문제는 1도 안나오네요?? 문제해결능력을 키우기 위해 비슷한 문제를 띄워줄테니 참고해서 직접 풀어봐라 이건가??"
김하윤,1,2024-12-02 21:05:04,업데이트 하고나서 제대로된 검색이 안됩니다
김가람,5,2024-12-02 20:36:00,좋아요
박명균,1,2024-12-02 14:12:15,잘 사용하고 있는데... 갑자기 자꾸 계정이 탈퇴 되었다 나오고... 다시 가입하려면 계정이 있다 그래서 사용을 못하네요
김지민,1,2024-12-02 00:02:45,모르는 문제를 찍어서 찾아 봤는데 잘 안나오고 이해는 커녕 답만 알려주는 사람도 있어서 그런 것이 좋지도 않았어요
김현서,1,2024-12-01 22:23:48,업데이트 하면 할수록 더 이상해짐. 인공지능이 더 안좋아지고 검색이 제대로 안됨
김우석,5,2024-12-01 22:16:04,수학에 도움이 잘돼요
hanna kim,1,2024-12-01 22:02:37,업데이트 되고나서 진짜 별로입니다. 일부러 돈내게 만들려고 이러는지는 모르겠지만 예전과 다르게 검색을 해도 계속 이상한 문제만 검색되니 돈을 쓸수 밖에 없습니다. 그러니 절대로 앱 사용하지 마세요!!
정서희,1,2024-12-01 21:32:04,이거 할빠엔 걍 학원이나 과외다니셈 물리 질문 한번 할때마다 5천원 나가는데 심지어 5번중에 3번은 다 학교선생님한테 의구심 들어서 물어보니 틀린 풀이였음. 진짜 개빡쳐서 말도 안나오는데
백문수,3,2024-12-01 13:18:03,"앱 기능 자체는 좋은 것 같은데, 코인같은 것만 없애주면 훨씬 좋을 것 같아요. 코인이 부족하거나 없으면 선생님의 피드백을 못 듣잖아요. 이거는 앱의 사용의도와는 좀 다르다는 생각이 들어요. 그리고 비슷한 문제로 프리미엄 가입 안하면 영상 강의를 못 듣던데 이것도 개선을 해주셨으면 합니다. 그리고 무엇보다도 이건 게임이 아니라는 것도 알아주십쇼."
원스once,1,2024-11-29 13:36:43,음악들으면서 하는데 검색할때마다 음악이 자동으로 정지되요 좀 고쳐주세요
이승민,5,2024-11-27 18:59:52,너무 좋아요
joy jung,5,2024-11-27 02:05:10,공부용으로 굿굿
건이,5,2024-11-26 21:23:42,굿
사백십오,2,2024-11-26 14:40:27,앱이 왜 안들어가지죠?ㅠㅠㅠㅠ
윤다은,3,2024-11-25 17:53:15,"가끔 뉴진스,투바투,방탄 등등 아이돌 사진을 올리면 경고 먹는 경우가있는데 이거 고쳐줬음해요.. 아무리 살이 나왔고 눈,코,입이 나왔다고해도 잘 살펴보고 경고줬음 좋겠어요"
최윤서,4,2024-11-24 19:47:18,짱!!
양정현,1,2024-11-23 21:28:28,점점 돈에 미쳐가는거 같음
김영범,1,2024-11-23 12:17:32,콴다가 좋긴 합니다 하지만 커뮤니티에서 저가 잘못하긴 했지만 재재가 너무 심하네요
누군가,5,2024-11-22 16:03:51,굿
조자용,5,2024-11-22 00:31:16,"문제의 자세한 풀이를 모를 때, 답지는 간략하게 넘어가는데 그 과정을 모를 때 검색하여 알 수 있다는 점이 좋습니다"
에배배,1,2024-11-21 02:16:27,ㅅ2방 말하지도 않았는데 갑자기 정기결제 돼는거 개킹받네
박선영 (미호구),5,2024-11-20 23:12:34,모르는것들을 너무 잘 알려주세요 너무너무 사랑합니다
김영준,5,2024-11-20 21:14:40,감사합니다ㅎ
원서준,1,2024-11-19 17:27:31,이거 답이 잘 나오지도 않고 광고 겁나 많음
쭈미,1,2024-11-18 01:33:35,진짜 돈 내고 사용중인데 콴다쌤들 다 별로임 ㅋㅋ 문제 모르겠어서 찍어서 동영상 풀이보면 기초설명 진짜 한 개도 없고 다 지 맘대로 설명해줌 진짜 뭐라는지 이해가 하나도 안 됨
mc s,1,2024-11-16 22:22:14,한문제 풀고 다시 검색하려 들어가면 렉걸림 해결좀요
신지원,5,2024-11-16 12:42:16,혼자서 숙제를 풀거나 문제를 풀때 모르는문제가 있을때 좋다
온민건,1,2024-11-14 13:47:21,아니 문제 모르는거 질문 하라면서 돈내야하고 무료동영상도5초밖에 안하고 설명도 안되어있고 일반풀이만나와있는데 이게 뭔가요?그냥 해답지만 베껴있고 설명은 안함 또 질문하려면 돈 내야해요 도움이 안됩니다
최인성,5,2024-11-14 10:10:58,항상 감사합니다
배준범,5,2024-11-13 22:19:08,자세하게 알려주고 공부를 재밌게 해줘요.
이노성,5,2024-11-13 21:41:50,최고
김서우,5,2024-11-13 15:36:41,굳
오성현,1,2024-11-11 17:32:17,"진짜 광고도 많이 나오고, 막상 검색하면 비슷한 유형의 문제도 없네요. 최악입니다."
행후해해햇,3,2024-11-10 23:07:54,도움이 되기는 하나 풀이과정을 제대로 적어주는 사람이 없어요
사랑한국,1,2024-11-10 18:53:50,화면 세로축끼리 반전 안됨
준민민,1,2024-11-09 23:57:23,광고를 다보고 x를 눌렀는데도 광고가 또 나오는건 대체 뭐누??
떡볶위,2,2024-11-08 00:28:10,큐터 오류 너무많아요 문제 수식도 인식을 못 하구요.. 답 계산도 똑바로 못 해요;
ᄋᄋ,1,2024-11-07 21:39:57,일주일에 문제 검색 7개는 ㅋㅋ 돈 없으면 공부도 못하네
황득근,4,2024-11-05 23:40:30,당신은 나의 구원자 단점은 딱 하난데 우리학교가 안나옴
앞으로나가자,5,2024-11-05 21:02:45,앱에서 커뮤니티메뉴가 보이지않아요
류호정,1,2024-11-04 19:31:42,다른 앱을 추가로 깔거나 업데이트하라고 해요. 똑같은 앱도 또 설치하라고하고 나중에는 저장공간이 부족해서 진행도 못해요. 20개정도 계속 다른 앱설치나 업데이트한것 같네요. 콴다에 무슨 문제가 생긴걸까요?
정래원,5,2024-11-04 13:09:35,아니 근데 이거 제가 문제풀어서 올리고 싶은데 어떻게 해요?
임승현,1,2024-11-03 19:24:53,내가 콴다를 안쓰는데 깔아놔도 매달 돈이 나가요
안녕하세요,1,2024-11-02 17:54:58,아니 회원탈퇴를 하면 다시 계정을 못만들어?
보봉린린,1,2024-11-01 11:06:06,무료체험 했는데 기간이 끝나서도 계좌에 돈을 넣었더니 자동으로 결제가 되네요 쓰레기같은 앱입니다 절대 깔지마세요
Y.h. No,2,2024-10-29 14:19:17,업데이트 후로 프리미엄 결제를 하려고 하는데 기존 계정으로 결제를 했다고 결제가 안되네요 기존 계정이 맞는데;;
한국대마산삼공사,1,2024-10-29 07:20:38,광고가 너무 많음.
이현진,1,2024-10-27 16:45:18,별로........
금경태,1,2024-10-27 11:10:36,저는 무료체험만 하려던 사람입니다. 그런데 이미 프리미엄이 결제가 되어 해지와 환불을 받고 싶었습니다. 왜냐하면 18500원이 크다고 느껴졌거든요. 보니 구글 플레이스토어에서 요청 없이 카카오페이에 돈을 사용한거여서 콴다 앱 안에서 프리미엄을 해지하려고 했습니다. 그러나 콴다는 구글 플레이스토어에서 해지하라고 하네요. 그래서 들어갔더니 정기 결제에 아무것도 없어서 해지와 환불이 불가한 것 같습니다. 구글 플레이스토어에서 카카오페이로 요청 후 카카오페이로 결제하였는데 정기 구독에는 없어서 해지와 환불이 불가한 것이 당황스럽네요. 이렇게 예고없이 결제가 진행되는 것도 많이 당황스럽고요. 어떻게 해야 해지 및 환불을 받을 수 있나요?
우돈중,1,2024-10-27 01:41:14,점점 돈미새가 되어가네요
Seungho Park,4,2024-10-26 09:52:13,좋아요
조혜정,5,2024-10-25 16:32:17,너무 잘알려줘요
염소,5,2024-10-24 15:09:59,❤️
O P,1,2024-10-23 16:33:00,또또또 하 몇번째입니까 광고좀 제발 줄여주세요 수학 문제 풀이 공부 앱이라고 대놓고 써놓고 한문제당 광고 15초짜리가 건너뛰기도 없이 나오는게 말이 됩니까 저번에도 그래놓고 프리미엄 빨리 사라고 학생들 대상으로 돈을 그렇게 뜯고 싶습니까
잼민,1,2024-10-21 21:16:48,광고가너무길어요.
벼락위에소세지,1,2024-10-21 17:28:43,제가 프리미엄을 7일 무료체험을 했는데 그리고선 해지를 풀었는데 갑자기 프리미엄 결제가 되있고 환불을 할라해도 자신의 구글 계정이 아니오니 해지를 할 수 없습니다 라고 나오네요
Jack Yoo,1,2024-10-21 02:03:34,버그 너무많이일어남 콴다로 문제보고 다른 어플을 켰다가 다시 콴다를 키면 화면이 멈추고 아무것도 터치가 안되서 앱을 탭창에서 지우고 다시켜야 버그가 풀림 이게 가끔일어나면 상관없는데 매번 일어남 이젠 어떻게 버그가 일어나는지 공식까지외움 콴다로 사진을찍고 문제 다 본뒤 다른 앱을 사용하다가 탭창켜서 콴다를 키면 무조건 멈춤
이정훈,1,2024-10-19 00:45:14,사람들이 말한것처럼 초반에비해 광고도 많아졌고 돈을 지르지 않으면 질문도 못하는것부터가 추천하고 싶지는 않네요
아뉴,1,2024-10-17 22:58:39,자동결제 해놓고는 환불안해주세요?
수경,3,2024-10-16 05:14:51,"프리미엄인데 횟수 제한 있는 건.. 좀 아닌 것 같아요.. 시험 당일이라 많이 찾아봤는데 좀 배신감 느껴지네요. AI도 수식계산도 제대로 못 하고, 좀 투자한 돈에 비해 아깝다는 생각이 들어요."
박영희,5,2024-10-14 23:03:16,따봉 👍 of good
전지환,5,2024-10-13 21:52:14,good 👍
봉정숙,1,2024-10-12 19:36:13,계산기를 사용하였는데 답이 이상하게 나와서1점 드립니다
유노이TV,1,2024-10-12 10:13:56,3300원짜리 5000코인 구입했는데 안들어오네요
지우,5,2024-10-11 19:28:05,짱
귀여미,5,2024-10-10 22:05:05,개꿀임
lucky winner,1,2024-10-10 08:01:28,점점 퇴보하는 앱
윤채환,3,2024-10-09 20:21:54,좋긴 한데 좀 이상하게 나와요
공석노,1,2024-10-07 23:15:41,💩
이승후,3,2024-10-07 08:05:19,다 좋은데 여러문제 찍기에서는 안나오는 문제가 하나씩 뜨는데 어떻게 해결되나요?
박연옥,1,2024-10-06 22:07:58,안나오는 문제가 많음 몰라서 찾아본적이 많은데 7문제중 1문제 나올까말까임
그노랭이,1,2024-10-06 21:12:13,진짜 현질유도 개짜치네
난나TV,5,2024-10-04 16:27:06,감사합니다 너무잘이용중입니다
백원희,5,2024-10-03 16:01:02,Study helper는 이상하게 풀이하는데 콴다는 풀이가 정확하네요 5점 드릴게여
사과속사과,4,2024-10-02 19:47:43,문제도 어느정도 맞게 잘 나오는데 학교 기출문제는 범위가 어디인지 알려주시고 판매하셨으면 좋겠습니다. 저도 뭣 모르고 그냥 구매했다가 돈만 버렸습니다. 이 점 꼭 고려해주시고 저같은 피해가 없길 바랍니다!!
z z,5,2024-10-01 21:58:49,베라 기프티콘 임시품절 풀어주세요
조지우,4,2024-10-01 21:51:34,"나쁘지는 않다! 커뮤니티 하는 재미, 공부문제 몰랐을때 쓰면 편하고 좋다"
김윤지,5,2024-10-01 20:25:02,너무 좋아요!
김다윤,3,2024-10-01 15:34:21,그저 그럼 야간모드랑 콴커에서 괜히 정지 시키는거만 고치기
응애,4,2024-09-30 18:34:28,다른건 안됌 ㅋ
Kake,1,2024-09-30 07:21:00,관리 하시는거 맞는지? 커뮤니티에 이상한 사람등 너무 많은데 조치 좀 취해주세요 그리고 문제풀이 게시물 지울 수 있게 좀 해주세요 ㅜㅜ 채택된 사람 답변 창에서 안 뜨니까 삭제 막아둔거 같은데 그냥 답변한 사람창에만 답변 내역 뜨게 하면 안되나요 왜 못 지우게 하는거임
Junseo Han,1,2024-09-29 18:58:34,1점도 아까운 어플이네요 완전 돈에 미쳐있어요 그야말로 돈미새 앱 깔지 마시고 이딴데에 돈쓸꺼면 걍 학원이나 과외가 100배 더 좋아요 이런 망할 어플 ㅉ
하준혁,2,2024-09-29 14:30:55,"문제 풀이 찍을때 자꾸 광고 차단기능 사용을 하는 앱은 문제 풀이를 할 수가 없다고 뜨는데요, 저는 광고차단기능 같은것을 한 적도 없는데다가 어떻게 하는 지도 모르고 그저 플레이스토어에서 콴다 앱을 다운받은 것 말곤 한 것이 없습니다. 이거 어떻게 해결해야 하나요? 정말 좋은 앱이라는 건 잘 알고 있지만 이렇게 되니까 문제 해설&풀이도 되질 않고 너무 답답하고 불편하네요ㅠ 이 문제를 어떻게 해결하는지 꼭 좀 알려주시길 바랍니다 담당자님ㅜㅜ"
김정훈,1,2024-09-29 00:39:53,아니 무슨 허락요청 이런거도없이 갑자기 18500원이 결제되나요.. 진짜 환불안해주시면 진짜 콴다 버리겠습니다 그냥;;
홍길동,5,2024-09-28 20:50:27,굿
진소연,1,2024-09-28 15:04:26,광고가 너무 많음
김지우,4,2024-09-27 00:01:31,"학원 or 학교 숙제를 쉽게 마무리 할 수 있다는게 가장 큰 장점같습니다 다만,, 이 기능을 숙제 하려고만 쓰고 공부는 제대로 안 하는 분이 없지 않을거라고 생각은 하지만 저는 굉장히 잘 쓰고 있고 공부도 열심히 하고 콴다가 도움이 많이 되서..^^ 별 4개 드립니당"
ᄌᄒ,4,2024-09-25 19:52:36,검색한거 안나오고 다른거 나오는거 (한번씩 그런는거임)이거 빼면 괜찮음
조석준,1,2024-09-25 08:55:58,돈써서 코인으로 선생님께 질문하기를 했는데 오류가 떠서 답변을 못봐 이거 빨리 해결해
Ss K,1,2024-09-24 21:32:04,이건 진짜 업데이트 할때마다 쓰기 불편해지네
성지빈,5,2024-09-24 19:35:34,덕분에 숙제 다 풀었습니다 감사합니다
강지수,1,2024-09-24 17:57:56,콴다 돈에 미친건가요 프리미엄 안쓰면 거의 기본적인 것도 못하는데욬ㅋㅋ 예전 콴다로 돌아와주세요..
히히,1,2024-09-24 03:07:52,"점점 돈이 주 목표가 되어가는 것 같아요. 프리미엄 사용자인데, 원래는 무료로도 검색과 AI 이용이 가능했는데 이제 한정적으로 변했고, 프리미엄 결제 시 기출이나 예상문제를 모두 풀 수 있었는데 프리미엄 이용자도 문제마다 결제하도록 바뀌었네요. 여전히 예상문제도 제공하는 줄 알고 결제했는데, 그저 돈낭비를 한 기분입니다"
김준용,1,2024-09-22 21:31:35,어후.....
김재민,5,2024-09-20 07:29:55,문제를 빨리풀수있어서 좋습니다
김나연,5,2024-09-18 00:32:56,콴다 커뮤니티 댓글.. 너무 눈 아파요 글씨가 연해서 ㅠ 업데이트 전이 나은거 같아요 바꿔주세요
이홍원,5,2024-09-17 18:00:19,너무 좋습니다.
고준영,1,2024-09-16 14:44:58,아니 궁금해서 찾아보는데 않나오면 어떻하나요!?
ᅦᅦ,5,2024-09-16 02:51:30,매우 유용합니다
박시우,1,2024-09-15 18:31:35,아니 정기결재 되있는지 몰랐는데 1.8만원이 사라졌어요 돌주세요
꼬북칩,1,2024-09-15 16:34:03,진짜 광고 좀 작작 넣어주세요 제가 3년 전부터 쓰던 유저인데 점점 광고 늘어나고 틈만 나면 다른 사이트로 유도하는 게 진짜 진절머리가 납니다. 이렇게 말해도 항상 콴다측 답변은 피드백을 잘 수용해서 개선해나가보도록 하겠다는데 이 말도 진짜 변하지도 않을거면 하지도 않는 게 맞다고 생각합니다 ㅋㅋ
최서현,1,2024-09-12 17:27:37,중1로 했는데 왜 중2가나오죠!!!!!!!!!!????? 중2 미리보기 그럼 중1은 어떻게보나요!!!!!!!???????????
이현성,1,2024-09-11 16:13:00,잘 안나와요
안녕?안녕이랅고!!내가 인사했잖아 안녕!,5,2024-09-10 17:29:46,환불 조치부탁드립니다.
주홍석,1,2024-09-10 16:55:50,저희 아들이 실수로 콴다앱에서 1주일만 쓴다는 것이 정기결제로 되었습니다 환불할 수 있는 방법이 있을까요?
miae choi,5,2024-09-10 16:50:47,모르는 것을 알려주셔서 해볼만 합니다. 앞으로 더 많은사람들이 사용해볼길~~~
임하영,1,2024-09-10 15:30:15,화질별로
조태인,4,2024-09-08 20:18:26,"감히 제가 콴다의 운영 방침에 대해 논평할 입장은 아니지만, 동영상은 30초 광고를 시청하더라도 무료로 볼 수 있으면 좋겠습니다. 초·중학생들의 입장에서는 콴다 프리미엄도 부담스러운 금액입니다."
김유림,1,2024-09-08 15:56:40,정기결재를 했는데 취소를 했거든요 근데 환불이 안되요 환불좀 해주세요
더해빙,1,2024-09-07 16:08:24,있는게없네
이주호,1,2024-09-07 11:40:35,프리미엄 서비스 이용하는데 문제풀이 다틀리지를 않나 문제에도 안나와있는조건을 지혼자 추가하진않나 이럴거면 프리미엄서비스를 왜 구매했나 싶네요 환불을 원하진않습니다만 이런식으로할거면 아예 프리미엄 시스템을 없애세요 한문제도 제대로 못푸는 AI는 필요없을거같네요
정성실,5,2024-09-05 22:43:46,베리굿
박순임,1,2024-09-05 14:55:29,문제가 다 안나옴 1별도 아깝네요
게임하는박스,5,2024-09-04 20:08:42,이야 이거 진짜 좋은 앱이네요 5점도 아깝지 않습니다 커뮤니티에 올리는것도 있어 답이 빨리빨리 올라오네요 광고가 많아도 별로 안보니까 좋아요.
한지우,5,2024-09-03 19:27:26,이거 카메라로 찍어서 문제랑 해설 볼 수 있는 거 진짜 좋아요. 문제집 풀 때 해설지 봐도 영 모르겠는 것들 찍어서 검색하면 다 나오는... 진짜 너무 좋네요
김지후,5,2024-09-02 01:45:19,콴다 프리미엄 무료를 이용하려 했다가 정기 결제가 되어버렸습니다. 전혀 사용하지 않았는데 환불 가능할까요
정재욱일까?,5,2024-09-01 21:46:33,굿
이태규,1,2024-09-01 18:47:06,과금유도
토리귀여워,1,2024-09-01 18:16:43,기출자료 별로 없어서 별로
김콩,1,2024-08-31 22:40:30,일단 정확도가 떨어져서 쓸때가 없음 비추함
구좋알댓똘이튜브,3,2024-08-30 20:12:40,스터디그룹 타이머가 버튼이 눌리지 않아 자꾸 중지가 되지 않습니다. 앱을 다시 실행해도 똑같은 증상이 나오며 핸드폰 자체를 재부팅해야 겨우 타이머가 중지가 됩니다. 고칠 방법이 없나요?
앱 스토어 계정앱 스토어 계정,1,2024-08-30 19:14:55,코인 90000주시면 별 5개로 바꿔드릴게요 제가 부계로 별점 테러한거 싹사라져 평균 평점 겁나 오를겁니다
전소담,1,2024-08-30 17:27:55,쓰레기
Taehee Kim,5,2024-08-28 17:23:19,학원쌤한테 다 질문하기 그래서 몇년째 잘 쓰고있는데요 콴다 다크모드 적용할 수 있음 좋겠어요 ㅠㅠㅠ 학원에서 쓰다가 폰 화면을 쌤한테 자꾸 걸려서요 ㅠㅠㅠ
소준혁,5,2024-08-27 14:53:31,풀이도 세세하게 알려주고 문제 검색도 쉽고 빠르게되서 잘 쓰고있습니다!!
김다현,4,2024-08-26 23:06:42,일단 이 앱의 장점은 학원 숙제를 할 때 시간을 단축시킬 수 있음.ㅎ 단점은 광고가 자주 나와용ㅜ 그것만 빼면 아주 유용한 앱👍
onlyoneperson of,3,2024-08-26 00:58:11,전반적으로 문제 검색 할 수 있다는게 좋습니다. 그러나 대체 왜 문제 검색할 때 같은 문제인데 검색할 때마다 띄워주는 선생님 풀이가 달라지는건가요..? 맘에드는 풀이 찾다가 홧병나게 하려고..?
라미선,4,2024-08-24 15:11:38,아이가 제 계정으로 돼 있는데..프리미엄7일무료를 사용하고 있다가 그냥 지나간거 같은데..오늘 18500원이 결제 됐다고 하더라구요. 구독취소했다는데.. 환불 가능할까요?
박지민,5,2024-08-22 21:58:45,좋어요
기름장,5,2024-08-22 13:48:54,굿
무이름,3,2024-08-22 09:09:17,업데이트이후 문제 검색이 이상함. 교과서 문제인데 도 안나오고. 여러문제 검색은 네모난 공간만 있으면 문제로 인식해 버리고. 업데이트 헛으로 한것 같음
HATHAIKAN “เต้ย” KLAHAN,5,2024-08-21 20:34:32,มันดีมาก!!!!บ้างทีหาในกูเกิ้ลก็ไม่มีเลยเลยต้องพึ่งแอพนี้
신동민,5,2024-08-21 17:39:09,초고에요
준식스,1,2024-08-21 01:03:26,큐터 진짜 제발 사지마세요 3개월동안 쓰고있는데 그냥 찍어서 비슷한문제 보는거랑 뭔차이가 있는건지 잘 모르겠습니다 객관식문제에는 아예 답도 답에 나와있지 않은걸 쓰고 서술형도 가끔씩 말도 안되는 질문이 나오네요 차라리 하루 15개문제 재한을 풀거나 큐터가 확실히 풀이를 알려줬으면 해요 18500원이 학생한테 작은돈인가요..?부탁드립니다
이민규,1,2024-08-18 12:33:30,한줄평: 개선좀 필요할듯요
이희경,1,2024-08-17 20:05:15,"프리미엄 구독을 안하면 동영상풀이,단게별 풀이,1:1질문하면서 플이 모두 불가능. 이따위 로 만들거면 만들지마라. 광고도 너무 많음."
김병윤,5,2024-08-17 14:10:58,좋아요
Dan,3,2024-08-17 10:29:13,전에는 무료였는데 다시 쓸려고 오니까 유료로 바뀌었네요..
진서윤,1,2024-08-17 08:58:49,서버가 터진건지 앱 자체에 문제인건지 문제 찍고 기다리는데 10분을 기다려도 안나오네요. 가뜩이나 시간도 없는데
장준현,2,2024-08-17 00:55:14,이제 너무 돈을 밝히는거 같습니다 공부하려고 다운받는건데 결제하지않으면 쓰지못하는 기능이 너무 많습니다
박박한수,5,2024-08-16 12:42:22,숙제 하는데개꿀
이정원,1,2024-08-15 18:43:13,쓸데없는 기능 추가하지 말고 오류나 수정하시고 검색했을 때 문제나 좀 제대로 나오게 하세요 검색해서 제대로 나오는 문제가 손에 꼽음
김태,5,2024-08-14 22:10:12,완전 좋아요 강력 추천입니다 ㄹㅇ
성이름,5,2024-08-14 21:50:51,"프리미엄 잘쓰고 있어요! 영상강의 많이 도움되서 2번째 결제중입니다 ㅎㅎ 근데 혹시 제가 다니는중인 학교,학급정보가 다른사람한테도 보이나요?ㅠㅠ"
선지안,5,2024-08-13 15:47:08,학원설명이 필요할때 잘 알려준다.
조병인,4,2024-08-10 21:05:44,선생님들이 푼걸 보고 싶은데 AI? 가 해줘서 싫어요
임태완,5,2024-08-09 16:27:20,굳
이유리,5,2024-08-09 12:34:35,굳
한상훈,1,2024-08-08 21:14:10,왜 9월부터 매달 결제된다고 매일 오나요? 결제취소 방법 알려주세요
이송이,4,2024-08-08 15:59:41,내가 어려운 풀이를 잘 설명해주고 모르는사람과 소통하니 너무 좋습니다
장서윤,1,2024-08-06 22:18:27,모르는 문제을 알수 있고 이해할수 있어서 좋은데 문제점은 모든 문제을 알수 없는거 광고가 너무 많은거 현질해야지 선생님깨 물어볼수 있는것 이점 빼면 좋습니다
슈퍼로얄,5,2024-08-06 12:58:15,"와 ㅋㅋ 진짜 대박입니다 선생님들 답도 빠르고 정확 한데다가 AI 가 정확히 스캔해주고, 문제 풀이까지! 완전 대박임 아직까지는 단점은 없습니다 ㅎㅎ 꼭 다운로드 하세요. 주변에서도 많이 쓰는 앱입니다. 특히 수학 힘드신분들 꼭 사용 해봐여 진짜 좋습니다."
2524조현준,1,2024-08-05 19:54:32,최근에 돈독올라서 검색문제 횟수를 제한하고 결제를 유도하는 파렴치한 짓을 하고 있음
지우,5,2024-08-05 16:25:08,좋아요. 타이머라던가 계산기도 있고 문제를 검색해 풀이를 확인해볼수도 있어요.
강유솔,5,2024-08-05 13:51:24,숙제할때 짱임ㅋㅋㅋㅋㅋㅋㅋ
한가은,3,2024-08-05 12:58:06,문제 하나를 검색할땐 잘 나오지만 여러문제를 검색할땐 완전 정 반대의 문제들만 나오고 제대로 나오지 않음 고쳐주길 바람
Rasmus,5,2024-08-05 12:39:20,굿
형준,5,2024-08-04 03:34:18,좋아요!!
David Sung,1,2024-08-03 01:23:37,"정기 결제 알림같은것도 없이 18,500원 뜯어간거 너무 억울하네요 하......."
Kwang Hyun Kim,4,2024-08-02 14:47:19,광고좀만 줄여주시면 더 편하게 사용할 수 있을 것 같아요..
한아린,2,2024-08-01 23:08:00,헷갈리는 문제를 사진 찍어서 알아볼려고 했는데 광고가 계속 뜨는데 나가기 버튼이 없어서 결국 아무것도 못했네요.
뽀송이의일기장,1,2024-08-01 20:48:33,벼로어요비싸요
하로,3,2024-07-31 22:58:02,"물론 모르는 문제들의 대다수는 검색을 통해 확인할 수 있어서 매우 좋음. 하지만 코인을 사용해서 선생님께 문제를 여쭸는데도 불구하고, 정답과 달라서 틀린적이 몇번 있었음. 몰라서 돈쓰면서 질문했는데, 틀린 답변이 오면 이건 소비자 기만이라고 생각함. 애초에 콴다에서 실력이 없는 사람을 뽑은거니까. 물론 정말로 실력있고 설명 친절하게 잘하시는 분들도 계심. 하지만 평소에는 검색으로 답 여러번 해설 여러번 확인한 다음 정말 모르는건 굳이 코인 쓰면서 선생님 매칭 기다리지 말고 학원이나 학교에다 질문하는게 훨씬 이득일듯..."
이예림,3,2024-07-31 21:33:56,아니 프리미엄 결제를 안하면 풀이영상을 절반정도밖에 못봄??
yunseo kook,5,2024-07-31 12:31:04,"일단...다른앱들에 비해 훨씬 정보가 많고 너무 어려운 경시문제는 잘 나오지 않는다는 것을 빼면 급할때나 학교, 학원쌤한테 질문하기 눈치보일때 쓰면 괜찮은 것 같습니다. 그런데 제가 학생이긴 하지만 콴다쌤 중에 틀린 풀이가 있는 것이 보이는 경우가 있는데 이를 정정하기 위해 이미 답변된 풀이에 댓글을 달 수 있게 해주셨으면 좋겠습니다...이만 개선되면 정말 좋은 앱인것 같습니다! 운영자분들 화이팅!"
삐얅,1,2024-07-29 15:06:08,"1.광고 많음. 근데 이건 그냥 그렇다 칠게요. 운영비용 충당하려면 어쩔 수 없겠죠 2.광고가 많아진 이유=콴다 인공지능 기능을 늘리기 위해 이거 아니었나요? 이 앱 초창기 때부터 썼던 유저로서 기능이 개선된 부분을 솔직히 못 느끼겠어요 3.광고 때문에 유저 손실>>유사문제 데이터 손실 검색해도 동일한 문제는 커녕 유사문제도 나오지 않는 경우가 많아요. 문제 데이터 없음+콴다 인공지능 능력 부족인 것 같은데 4.문제 데이터 없음->유저를 늘리면 됨or문제 수집 활발히 하면 됨->유저를 늘리려면? 광고 줄여야 함+기능 개선 필요->둘다 진행 안 되고 있음->아무것도 해결 안됨 5.인공지능 능력 부족? 광고 늘린 이유가 인공지능 기능을 활성화 시키기 위함이 아니었나요? 기능이 개선되기는 커녕 오류가 더 많아진 게 맞는건지... 점검 필요할듯 요약: 초창기 유저로서 아쉬움. 이러한 아쉬움에도 이 앱을 사용했던 이유는 이 앱의 개선가능성을 봤기 때문인데, 이젠 그것도 잘 모르겠네요"
김혜경,2,2024-07-29 14:15:51,문제가 제대로 안나옴 정답아닌 것도 많음
전지훈,1,2024-07-28 20:56:16,콴다 프리미엄서비스를 구독하고 일주일동안 무료체험이고 무료체험중 구독취서하면 결제를 안해도 된다해서 분명 무료체험 중 구독 취소를 했는데 계속 결제요청알림이 오고 정기결제 관리 서비스에서 취소를 해볼려했는데 아무것도 안뜨네요 어케 해야하나요 이거
성이름,2,2024-07-28 19:00:57,문제 찾을 때 자동으로 문제 인식해서 영역 자르기 없었음 좋겠음 매우 도움 안 되고 번거로움
wangju Lim,4,2024-07-28 14:46:20,몇문제는 풀이가 없었어요
hm C,1,2024-07-27 14:57:29,문제를 카메라로 찍을때는 왜 화면이 작게 나오고 검색할때는 왜 크게 나오냐 왜 이리 크기가 뒤죽박죽이여 문제가 다 나오게 찍히는지 안 나오게 찍히는지 알 수가 없잖아
야호,1,2024-07-27 13:33:05,우리애가 핸드폰을 분실했더니 프리미엄 구독취소할수 없게 만들었네요!!!!!!!!!!!!!!!!!¡!!!!!! 아이폰 인앱결제로 하고 핸드폰을 분실해서 갤럭시로 바꿨더니 구독해지 누르면 인앱결제취소로만 가능하다고 해지자체가 안됩니다. 핸드폰을 분실했는데 어쩌라는 겁니까? !!!!!!! 고객센터 유선상담은 3월로 중단하고 앱에 나와있는 전화는 연결도 안되고 저도 우리애도 고객센터 1대1일 문의를 2번이나 올렸는데 나의 문의내역 자체가 존재하지도 않습니다. 어쩌라는 건가요? 연락가능한 전화번호를 알려주세요!! 콴다과외 전화했더니 콴다앱은 따로 관리한다고 앱으로만 가능하다고 합니다.
정현우,1,2024-07-27 13:02:39,이앱은 좋긴한데 큐터 수식 계산기는 6학년2학기 소수의 나눗셈을 모릅니다 지능이 매우낮고 자꾸 이상한 답변이 나옵니다
나현서,5,2024-07-26 20:10:08,굳
강희정,4,2024-07-26 12:56:15,"모르는 문제 알 수 있어서 좋은데 광고가 잠깐식 나오는게 계속 나오니까 짱나요,,"
전성재,5,2024-07-25 16:00:29,다른 앱들에 비해 광고도 적고 여러 기능도 많아서 공부하기 좋은 앱이에요. 👍
강동현,1,2024-07-25 15:37:03,진짜 리뷰 0점 주고 싶어졌음 이제 광고 말고도 7일에 8문제 제안은 악질아닌가?? ㅋㅋ 돈에 눈이 먼거 같음
허경임,1,2024-07-24 17:22:21,문제 찾아 보려면 없어서 질문 하는데 코인이 드는데 한개만 물어보고 안 쓸거면 돈 아깝고 걍 질문 못 하면 필요 없는 앱임
김상민,5,2024-07-24 10:47:56,환불까지 잘해주네용 고마워용
ᅳᅳᅳ,3,2024-07-24 02:37:46,다 좋은데 광고가 너무 많아졌어요 전엔 안그랬는데 요즘은 문제 하나 풀려면 강제로 15초동안 광고 봐야 하고ㅜ 광고좀 줄여주세요
이성필,1,2024-07-23 01:44:39,문제는 안나오고 광고먼 줄줄줄....원하는 문제 개념볼려면 돈써야하고...이게 뭔가요ㅡㅡ
최지은,5,2024-07-22 15:30:31,정확하게 잘알려주셔서 좋네요~
정은수,5,2024-07-22 15:06:11,어려운 문제를 풀기 좋아요
주영호,1,2024-07-22 14:08:27,아니 ㅋㅋ 와이파이 켜졌는데 네트워크 오류가 뜨는게 말이되냐? 이따구로 쳐 만들어놓고 ㅋㅋ 헛웃음이 나온다 진짜
윤채원,2,2024-07-21 22:45:04,광고보고 풀이랑 답 찾는 것 까지는 괜찮은데 저만 그런 건지 모르겠는데 최근 커뮤니티 질문을 할 때마다 오류가 났다고 뜨더라구요 몇일 뒤에 다시해도 안됩니다..
허단아,1,2024-07-21 11:11:04,안찍히는 문제가 더많음. 광고가 너무 많음.
정서율,1,2024-07-20 17:19:43,제가 다니는 초등학교가 안 나와서 앱을 깔지 못해요ㅠ
채예원,4,2024-07-20 00:07:11,"중학교 수학 2-2 원래 문제가 별로 없나요? 쎈 대표문제나 난이도 하 문제가 아닌 중, 상 문제를 찍어도 문제가 안나와요..ㅠㅠ 문제좀 추가해주시면 감사하겠습니다ㅜㅜ"
전지환,5,2024-07-19 15:32:20,good
박사무엘,1,2024-07-18 09:17:48,검색하는데 광고빼고 차라리 팝업광고를 달아라 이거때문에 콴다 삭제하고 큐브로 간다
악어뀡뀡이,5,2024-07-17 21:35:56,너무 좋아요
Shj Shj,3,2024-07-15 20:08:17,프리미엄 결제까지 하고 쓰는데 문제를 너무 못찾아요ㅜㅜ 한페이지에 하나꼴로 정확히 찾아주네요...사진을 이상하게 찍은것도 아닌데 이렇게까지 찾는게 불편한건 좀 아닌듯합니당
박지영,1,2024-07-15 17:57:48,예전 보다 안좋아짐
박상옥,1,2024-07-13 16:49:31,원래 잘 쓰고 있었는데 갑자기 사진 찍어서 풀이 검색하는 게 갯수 제한이 되서 이 앱을 쓸 필요가 없네요. 너무 돈에만 미쳤네요
Eunhee seo,5,2024-07-12 19:29:40,배리 굿 👍
apap olll,1,2024-07-12 14:55:56,광고 너무 많고.. 갑자기 문제수 제한까지... 돈에 눈이 너무 멈..
유크시,4,2024-07-12 14:40:42,광고 빼고는 문제 없음
jiwoo_11 Park,1,2024-07-10 17:16:42,광고 많고 커뮤니티에도 질문했을때 답이 빠르게빠르게 안와서 불편함 그리고 찍었을때 안나오는 문제도 있음 그리고 콴다쌤 문제 자주틀리심
권용운,5,2024-07-10 00:27:22,요즘은 너무 좋네요 굿굿👍🏻👍🏻
한결,1,2024-07-09 06:37:15,개인적으로 제대로 알려주지도 않고 광고 겁나 많음 그리고 문제 검색해도 딱히 알려주는게 없어서 선생님 질문 하고 싶어도 못하는데 이앱 왜 쓰는건지 잘모르겠음
WorldBrawl,3,2024-07-07 23:16:31,솔직히 광고 많이 나오는것 까지는 그럴수 있다고 치는데.. 아니 이 앱 공부 도와주는 앱 아닌가요? 그런데 공부 도와주는 앱이 문제 풀이를 보려고 하면 돈을 내야한다는건 좀... 이해가 잘 안가네요. 물론 동영상 풀이할때 막히는거 말고는 뭐 나쁘지 않아서 ☆☆☆드립니다...
고유환,5,2024-07-06 23:01:55,최곱니다
이연우,1,2024-07-03 19:27:56,여러문제 확인하기에서 클릭을해도 그문제의 답이 안나오네요 오죽하면 한 문제에서 범위 넓히는게 정확성이 좋을까봐요
콩혜경,5,2024-07-03 01:04:01,너무 유용하고 좋아요!
재성TV,5,2024-07-02 22:10:18,"솔직히 광고마 많아 좀 불편하긴 한데, 큐브같은 앱들은 선생님께 물어볼 때 무료여도 일주일에 3번이라는 제한이 있지만, 콴다는 광고가 많이 나오긴 해도 문제를 찍으면 답과 풀이, 혹은 유사 문제라도 제한 없이 알려준다는게 좋은 것 같습니다. (그리고 동영상 일주일에 몇번이라도 볼 수 있게 해주세요 ㅜ)"
IG H,5,2024-07-01 20:53:51,콴다가 안찍혀요 오류가난데요
박세현,3,2024-07-01 18:45:49,아니 도대체 일시적인 오류 문제 언제 고칠 건가요? 벌써 몇 개월이 지났는데 고쳐지지가 않았어요(+이거 지웠다 깔고 계정 바꾸면 가능함 한번 실험해 봄)
이예슬,3,2024-07-01 03:45:38,아니 구글로 로그인 하려고 했는데 오류가 뜨나니요..... 그럼 로그인하려고 구글은 왜 만들어 놓으셨어요 도대체? 카카오톡계정으로는 로그인이 되고 구글은 왜 해놓으셨는지
은솔,4,2024-06-30 15:16:11,수학밖에 안되는게 좀 아쉬운것같습니다 기출문제는 모든 과목이 있는데 실질적으로 물어볼수있는 문제는 수학밖에 없어요 과학이나 국어 같은 다른과목들도 같이 있었으면 손이 많이 갈것같습니다
민지윤,5,2024-06-29 18:35:10,공부가 너무 잘되고 있고 모르는 문제를 한 눈에 보기 쉽게 일반 풀이를 해줘서 공부를 열심히 할 수 있게 되었어요
ヲヲヲ ᄏ̊̈ ᄏ̊̈ ヲヲヲ 𐨛ᄏᄏღ,3,2024-06-29 09:38:36,요즘 좀 별론데... 문제 검색해도 내가 검색한 문제가 제대로 나오는 법이 없어... 이상한 문제도 아니고 정형화된 문제고 널려있는 문젠디...
김수채화,4,2024-06-28 22:33:03,베리베리 굿
행복한발가락,1,2024-06-28 20:50:12,업데이트 할수록 문제에 대한 정확도가 높아져야하는데 낮아짐 콴다쓸바엔 걍 구글에서 답지 찾는게 더빠름 그리고 멀티안되는거 엄청 불편함
이현주,1,2024-06-28 17:43:25,안나오는 문제가 대부분이에요 그리고 관련 없는 문제들도 많아요 비추드립니다
꼬꼬님,5,2024-06-28 09:18:29,굳
이재우,5,2024-06-28 07:54:09,까먹고 정기결제 했어요.환불해주세요
김찬,5,2024-06-28 01:39:20,good
ᄋ,1,2024-06-27 20:29:26,돈 진짜 밝혀요 ㅋㅋㅋㅋㅋ 뭐 좀만 하면 유료 결제하라고 하고 되게 짭니다 ^^ 광고도 많고 여러개 동시에 검색하는 기능 넣고나서부터 검색도 오지게 안되고 다른 문제만 나옴. 공부하려다가 스트레스 받아서 못하겠음 옛날에는 좋았는데 초심 어디갔냐 점점 이상해짐
장현우,5,2024-06-26 22:21:29,콴다한테 답변 받기 1일 차
정은,1,2024-06-26 12:40:51,광고가많음
최범선,5,2024-06-25 23:25:41,좋다.
허탁영,5,2024-06-25 22:09:25,잘알려준다
빅파이,1,2024-06-25 19:38:58,프리미엄 환불해주세요
박현상,5,2024-06-25 16:38:27,이게 내가몰랐던 수학개념을 집어주니까 너무 맘에들었고 모르는 개념 있으면 찍어보고 이렇게 푸는구나 하고 다시 복습하고 잘되니까 진짜 마음에 드는 어플임 이거 지인들한테 알려주고 싶기까지한 어플이라 꼭추천함 이거한번 다운하고 쓰면 모르는 문제마다 찍고 이해하게됨 ㅋㅋ 한번식 써보는걸 추천함 진짜 짱임!
예림쓰,1,2024-06-25 16:25:59,광고 너무 많이 나와요....
정예인,5,2024-06-25 14:38:41,공부할때 사용하기갸 좋아서요
샤워후엔 선풍기지,4,2024-06-24 21:43:20,문제가 이해가 잘돼요~
이지인,5,2024-06-24 20:43:07,도와주세요ㅠㅜ 7일 무료체험했는데 취소가 안돼요ㅠㅠ
엄소현,3,2024-06-24 03:38:45,모르는 문제가 있어서 검색을 해보는건데 답변해주시는 선생님들이 거의다 답만 달아주시고 풀이를 안적어주심 답지 알려주는 앱도 아니고..
설명못하는 설명자,3,2024-06-24 00:18:37,"여러문제 검색을 진행한 상태로 잠깐 태블릿 노트에 뭔가를 적기 위해서 다른 탭으로 전환했는데, 1-2분 정도밖에 안 지났음에도 오류가 뜨면서 제가 검색했던 문제 검색 기회가 없어졌습니다."
정동화,5,2024-06-23 22:05:50,콴다 짱
조시후,2,2024-06-23 21:32:29,광고가 너무 길어요
C_질투,5,2024-06-23 18:29:48,영어도됀다
서효린,2,2024-06-22 11:34:36,옛날에는 무료로 여러문제 검색하게 해줬잖아요 정확도도 그리 좋지 않은데 이게 프리미엄이라니..ㅋㅎ 다른건 몰라도..
정승현,1,2024-06-21 23:06:44,프리미엄 유도가 너무많음
급똥,1,2024-06-19 23:54:34,학교 정보 입력 안하면 사용도 못함 들어가지도 못함. 입력해도 업데이트 해야한다면서 30일 후에 바꿀 수 있다고함 그냥 안쓰는 게 낫겠다
Sunny Wookend,5,2024-06-19 20:50:17,최고
SR H,5,2024-06-19 18:38:40,굿
jsu,1,2024-06-18 17:22:51,앱의 실용도 자체는 좋은데 프리미엄결제를 너무 강요하는것 같네요. 광고는 그냥그냥 넘어가는데 프리미엄이 저렴한 가격도 아니고 사실상 영상이나 단계별 풀이등은 뭐 전혀 이용을 못하네요.
희야희야희야,5,2024-06-17 20:47:55,공부할땐최고입니다 그런데 1번씩 내가원하는 문제가 잘나오지않을 때 선생님께 질문하기가 있어 편리합니다.학생들에게 강추!!!!!!!!!!:)
김나영,5,2024-06-16 23:05:43,최고의 앱. 내 베스트 수학 공부 선생님
오민지,5,2024-06-16 22:15:18,모르는 문제를 해결하기 쉬워요
박수진,3,2024-06-16 12:27:42,평소에 잘 쓰는데요 콴다 타이머 멈추려고 눌렀는데 시간이 17분씩 없어지는데요.... 1시간 넘게 공부했는데 날라갔어요...
썬크림,1,2024-06-16 11:55:21,광고에 닫기 버튼좀 넣어주세요
이루,4,2024-06-16 00:02:51,다 좋은데 오답노트 작성할때 풀이를 꼭 찍어야할게아니라 답만 입력하는 기능도 추가해주시면 좋겠습니다. 꼭 사진을 찍어하는게 불편하네요.
정민균,1,2024-06-15 18:35:51,광고는 많고 정확도는 떨어짐. 거의 5문제중1문제 꼴로 맞는풀이가 나오는듯
칙컥,5,2024-06-15 13:03:06,좋아요.
kim HR,5,2024-06-15 09:54:30,좋아요
유지운,1,2024-06-14 20:25:34,프리미엄 분명 해지를 했는데 계속해서 결제 실패했다는 메일이 와요...;;;; 구독창 들어가보면 보이지도 않고
박유빈,5,2024-06-14 17:56:27,좋다
최최재원,3,2024-06-14 17:43:57,한 문제를 찍어서 하면 문제가 딱 잘 나오는데 여러 문제는 문제가 정확성이 떨어져서 너무 불면하네요 정확성만 높이면 좋을거 같아요!
ᄏ유동남ᄀ,4,2024-06-14 00:59:57,너무 좋아요!
제이여,1,2024-06-13 19:09:41,메일로 악성 광고 피싱 주의
온형철,1,2024-06-12 22:09:20,동영상 풀이는 돈내고 봐야고 광고도 진짜 많음
홍유빈,1,2024-06-12 18:56:07,광고 적당히 띄워
김태연,1,2024-06-11 10:29:34,본인 학교 정보가 타인에게 노출되지 않는다고요?? 그럼 콴다 스터디그룹에 가면 뜨는 사람들의 학교 정보는 뭔가요ㅋㅋ
이강민,5,2024-06-11 07:48:43,굿
윙윙,1,2024-06-10 21:03:24,검색한 결과 말고 자꾸 다른 문제가 나오네 돈 처먹은건 많아지는데 어째 성능은 옛날보다 구려졌냐 에휴
부채끈,5,2024-06-10 19:41:21,감사합니다^^
lim현우,3,2024-06-10 03:53:14,"예전에 비해 정말 괜찮아지기는 했습니다. 광고는 여전히 많지만 예전에 비해 빈도도 덜하고 덜 악랄해지기도 했고, 현질유도가 있으나 대부분 편의성 추가니 어쩔수없기도하고 기본기능인 문제검색은 여전히 공짜니까요. 예고없이 유료화 선언하거나 퇴보하기만 하는 다른 수학앱들보다는 낫습니다. 예전에는 아무리 명문대라지만 도덕과, 철학과같은 전혀 상관없는 분야 튜터들이 수학 문제풀고 완전히 틀린답을 주기도 했었는데 요즘은 없지는않으나 많이사라졌습니다. 다루는 과목도 많아져서(물론 태생이 수학기반 플랫폼인지라 정확성을 기대하긴 어렵다만) 확실히 쓸만합니다. 글씨알아보기 힘든 선생님이나 문제가림 문제가 여전히 있긴하지만 이건 사용자, 저작권문제라 어쩔수 없으니 뭐... 예전에 비해 기능도 많아지고 확실히 나아진건 맞습니다. 하지만 이미 본인들이 자기들 스스로 이미지를 실추시켰고, 이미 떠난유저들은 돌아오지 않을겁니다. 주요고객층(학생)을 기만한 기업이 치룬 대가의 표본같은 사례가 되겠죠"
윤준호,1,2024-06-09 22:52:04,풀이가 머냐
이동윤,5,2024-06-09 16:58:54,너무 유용해요
이수연,4,2024-06-08 23:19:28,커뮤니티 다시주실수...? 다른거다좋와요 커뮤니티 주시면 5점으로해드림
박건우,5,2024-06-08 17:05:42,낫밷
y jw,4,2024-06-07 17:22:22,질문 할 때 사진 편집이 가능했는데 왜 없어진건가요? 다시 복구해주시면 안되나요..
박은채,4,2024-06-07 17:13:43,다 좋은데 내 커뮤니티 게시글을 보고 댓글 쓰는 사람 학년도 지정할 수 있었으면 좋겠어요 너무 생각이 어린 사람들이 많네요
김하람,5,2024-06-07 09:24:21,좋다
익명1,5,2024-06-06 14:09:51,풀이과정까지 나와서 좋아요!
Soohyun Lee,5,2024-06-05 16:22:25,콴다 프리미엄이 사기입니다. (아 좋다는 뜻이에요 진짜 사기라는게 아니라)
김송이,5,2024-06-03 18:58:56,너무 좋습니다!! 이 앱 다운하고 나서부터 공부/숙제 때문에 잠 못 자는일 없어졌어요!!
sdh j,4,2024-06-02 14:15:30,5월달에 프리미엄 결제하고 6월달에 들어가니까 다른콴다계정에서 이 구글 계정으로 결제했다고 프리미엄이 아에 안되더라고요.. 어떻게 된거죠? 돈 날아간건가요
Hamsters,4,2024-06-02 12:52:03,"옛날까지 좋았는데, 요즘 문제 인식 카메라가 자꾸 다른 곳을 찍어줘요"
winter Kim,5,2024-06-02 11:13:20,독학으로 공부할 수 있게 해주었습니다 감사한 앱입니다
S J park,1,2024-06-02 04:16:33,점점 돈에 미쳐가는 기업임 초심잃고 막나감
박윤범,1,2024-05-31 23:43:33,"요즈음, 오류가난 것 처럼. 문제를 찍을 때 자꾸만 다른 곳, 쌩뚱맞은 곳으로 찍히는데, 제 생각에는 의도적인 것 같습니다. 빨리 고쳐주시던가. 이 답장에 입장을 남겨주시던가 해주세요."
성이름,2,2024-05-31 22:58:25,최근 업데이트 후로 문제 인식 AI성능이 급격히 저하되었습니다. 아무리 프리미엄으로 신기능을 내놓었더라도 이건 아니라고 봅니다.
MJ Choi,5,2024-05-31 21:01:46,숙제 까먹었을때의 구세주
안소영,1,2024-05-31 19:46:53,도대체 문제 풀이 하나 보여주는데에 광고를 얼마나 긴 걸 보여주는 거죠? 그리고 요즘 인식은 왜 이렇게 안됩니까 누가봐도 풀려있는 문제거나 짤렸는데 굳이 거기로 네모가 왜 가죠 전엔 중앙을 벗어나지 않았던거 같은데요 돈에 환장하셨나요
별빛하늘,1,2024-05-31 03:29:35,거 결제유도가 너무 심한 것 아니오.. 학생한테 너무 결제 유도가 심해서 콴다 킬때마다 팍 식는 느낌..
김영익,4,2024-05-30 23:34:30,"프리미엄 없인 여러개 검색 주당 7회,광고 봐야됨,등등이 있지만 그래도 좋은앱"
이준수,5,2024-05-30 22:13:47,사진스캔할때 이상한게 선택되요
무한돌이열정,2,2024-05-30 20:08:37,다 좋은데 일베충들 질투충들 있어서 별루
정윤재,3,2024-05-30 17:12:22,다른건 다 좋은데 왜 질문이 자꾸 취소 되는 건가요? 한문제씩만 질문하고 딱히 규칙에 위반되는게 없는데
h sung,5,2024-05-29 22:31:30,좋습니다!
정소연,3,2024-05-29 21:18:32,"저는 꽤 오래전부터 콴다 앱을 사용 해 왔는데요.. 최근들어 좀 불편한 문제가 생겨났네요. 자동 인식이 자꾸 다른 문제, 찍었던 문제나 이미 푼 문제를 자꾸 인식해서 많이 불편해요.. 더군다나 알고싶은 문제를 더 크게 잘 찍어놔도 인식을 안하고 자꾸 다른 문제를 인식해서 수동으로 옮겨야 해서 불편해 졌어요.. 또한 과거에 비해서 광고 비중도 잦아졌습니다. 시스템 유지를 위해서는 완전한 삭제는 불가피 하겠지만, 자꾸 게임 관련되거나 너무 선정적인 광고가 나와 눈살을 찌푸리게 만드네요.. ㅠㅠ 최소한 공부 관련된 광고라도 띄워주세요🥺"
겁나빠른꼬북,3,2024-05-29 19:08:07,안녕하세요. 이앱이 언제부터선가 풀이검색 인식을 이상하게 하는경우가 생겨서 불편해요.
NIB_,5,2024-05-29 11:45:31,가로모드 지원해주시길 바랍니다.
댓글다는 계정,1,2024-05-28 23:32:26,앱 내의 문의하기에 문의해달라 하셨는데 '학교와 학년을 업데이트 해주세요' 이게 안되서 들어가지를 못해요 어떻게 안될까요?
박춘자,1,2024-05-28 17:55:05,좋아요!하다가 별점적는건 안 좋지만
De kanro,1,2024-05-27 21:33:32,광고가 생긴건 그렇다해도 풀이가 정확하지 않은 게 너무 많음. 또한 수식계산기의 결과가 알기 어렵고 필요한 정보가 너무 없이 줌
박정민,5,2024-05-27 21:22:38,너무좋음
김가연,1,2024-05-27 19:26:27,콴다 업뎃 잘못한 것 같음;; 전 버전에서는 검색 결과와 비슷한 유형들이 잘 나왔는데 이번 버전은 고등과정을 검색했는데 왜 중등과정 나와서 2년쓴 계정이 오류가 걸렸나 해서 다시 로그인하고 정보도 다시 확인했는데 다 그대로인데 검색 오류는 여전히 고쳐지지 않고 있음;;
박온유,1,2024-05-27 18:33:48,동영상 풀이를 볼려면 7일 무료 혜택을 사야됌.. 너무 불편함.. 저만 그럴 수 있지만 그래도 제 입장에서는 안 불편할 수 없네요
심근휘,5,2024-05-27 17:39:33,배끼기 좋음
sjdgdgy,5,2024-05-26 23:32:26,진짜 좋아요 ㅎㅎ 개발자님 감사합니다!!!!!
달링 sky,1,2024-05-26 23:30:20,이번에 업데이트 때문에 사용하기 힘들어졌네요.
수학공부계정,1,2024-05-26 22:56:47,앱 지우면 알아서 멤버쉽 해지 할 줄 알고 있었는데 계속 결제 시도하네요;;
Wind,3,2024-05-25 23:58:31,문제 인식률이 기존에 비해 저하된 것 같습니다.
김지연,3,2024-05-25 20:56:15,증산고등학교를 다니고 있는데 학교검색에 안 나와서 다른 고등학교로 검색처서 들어갔어요.학교 기출문제도 다른 학교로 봐야 하니까 좀 불편하네요.7월 달에 시험인데 경남 증산고등학교도 빨리 추가해주세요.
eve 1,3,2024-05-25 14:51:33,"광고는 더럽게 많이 쳐 박아놔서 한 문제 찍을 때마다 30초 광고가 나오고, 문제 사진은 최근 들어 시스템이 등신이 된 건지 계속 이상한 부분을 인식해서 일일히 알맞게 맞춰줘야 하는 게 상당히 거슬립니다. 쓸 때 쌍욕 박을 만한 부분 순화시켜서 리뷰 달았음을 알려드립니다 이 리뷰에는 제 분노가 많이 축적되어 있습니다 ^^"
3 루수tv,4,2024-05-25 12:17:37,콴다 프리미엄 쓰고 있습니다. 최근 업데이트 이후에 사진에서 문제 인식을 잘 못 하게되었는데 한 문제랑 여러문제 인식중에 한 문제 인식에서 문제를 카메라로 가운데에서 찍으면 위에 문제가 인식이 됩니다
yunyoung kim,5,2024-05-23 20:48:40,너무 좋아요
이Dj,3,2024-05-22 21:49:35,대학교 문제도 가능하게하면 안되나여...
허채민,4,2024-05-22 18:31:09,광고 볼 시간에 한 문제 더 풀겠다.. 광고 길이라도 줄여주세요
빅샷,1,2024-05-20 16:21:39,최악입니다. 포인트를 적립해도 사용기한이 굉장히 짧아서 것두 일정포인트 이상되야 출금 가능하게 하고 소멸되면 전부 퀀트 수익으로 들어가서 악질적인 앱으로 판단됩니다. 소수의 퀀트 문제풀이 올인하는 사람만 돈 조금 벌고 나머지 대다수 용돈벌이 하려는 사람들에게는 제대로 지급되지 않는 방식이네요 엄청 실망스럽고 최악입니다. 포인트 소멸은 아무 명분도 없고 자기네들 이익 챙기는거밖에 안보입니다.
김경숙,5,2024-05-18 21:50:47,너무 간편해요
박진민,5,2024-05-18 21:37:10,쓰셈 ㅇㅇ
노유정,2,2024-05-18 12:46:35,어떻게 하는지 설명도 안나오고 저만이러는지 모르겠는데 문제를 찍으면 다른사람이 한것 밖에 안 나오고 문제풀이도 안되네요 어떻게 된거줘?
전아인,5,2024-05-18 09:42:33,너무 조아요
yuchan,1,2024-05-17 19:27:17,문제 뜨는게 없네
김혜윤,3,2024-05-17 16:53:03,"이 앱 좋긴 좋아요.. 근데 선생님들이 답을 틀리시는 경우가 많더라고요.. 일일히 틀렸다고 보내기도 힘들어요. 근데 그건 계산실수여서 대충 어떻게 푸는지 보고 다시 제가 풀면 돼요. 근데 아예 풀이과정까지 엉망 진창인 선생님도 있더라고요 제가 문제를 풀고 다른 선생님도 이렇게 썼을까? 하고 검색했는데 선생님이 다 틀리셨어요.. 학생은 모르고 감사하다고 하고요.. 답 틀리시는거, 풀이과정 틀리시는거, 문제 안나오는거, 모자이크 돼서 찾기 좀 어려운거, 문제 없어서 문제 질문하려면 돈써야하는거 등등이 다 문제점이에요.."
Yun Do,1,2024-05-17 03:52:43,선생들이 어려운 문제는 다틀리네요
마우(칙쵹),3,2024-05-16 22:09:46,학교는 꼭 선택해야하나요? 고등학교 졸업한지 10년됐는데 그냥 수학 공부하고 싶어서 하려는데
한주원,2,2024-05-16 21:53:30,수식계산에 풀이과정좀 자세히 나왔으면 좋겠어요
임수진,5,2024-05-16 21:45:23,짱 좋아요 학원은 다니는데 무언가 부족하게 느껴지는 사람이라면 이 어플을 써보는 것도 좋을 듯 !
김건하,1,2024-05-15 17:18:43,돈내고 쓰는건데 영상 30초 이후로 못보는 오류도 너무 자주 발생하고 문제 찍으면 그냥 오류라고 다시 카메라로 돌아가는 등 오류가 너무 많습니다. 빨리 고쳐주세요
박지성,5,2024-05-13 22:09:26,매우.마음에 드는
정지은,3,2024-05-13 22:05:22,제가 촬영한 문제들이 없는 경우도 많고 동영상 풀이 필요 없는데 자꾸 떠서 짜증나요 그냥 가끔 써요
이이,1,2024-05-13 15:47:14,15초 광고는 너무 불편해요
본계,1,2024-05-12 20:40:34,광고 너무 많음.. 문제 하나 검색할 때 마다 광고 한번 봐야해서 너무 불편함... 그래서 문제검색 기능을 잘 안쓰게됨.... 또 커뮤니티에 사진올리면 제대로 확인 안하고 경고먹이고 이용정지 당하는 경우가 너무 잦음... 이용정지 수준으로 경고 날릴거면 어떤 글인지 좀 제대로 확인하고 나서 하면 좋겠음....
박소영,3,2024-05-12 18:40:58,"콴다 잘 쓰고 있는 학생입니다. 모르는 문제 나올 때 사용하기 좋은 것 같아요. 근데 풀이를 틀리시는 선생님이 좀 계셔요. 그래서 질문자 말고도 다른 학생이 답이 틀린 것 같다고 댓글, 피드백을 달 수 있게하거나 다른 좋은 방법을 찾아야 할 것 같아요. 아무리 막는다 해도 한계가 있어서 자꾸 선생님이 오답을 알려 주시니까요."
최송이,2,2024-05-11 16:13:50,나쁘진 않아요
구찔맨,5,2024-05-11 13:50:57,굿
초밥,1,2024-05-11 10:43:53,학생도 아니고 학부모도 아닌데 앱사용을 못한다는게 많이 불편하네요
룬•,4,2024-05-09 02:07:38,ai 생긴건 좋은데 자꾸 틀린 답을 정답이라고 하네요. 질문권이 그냥 날아갔어요. ai가 문제를 틀리면 다시 답을 받을 수 있게 해주세요.
박성호,1,2024-05-07 23:02:33,아니 영어 번역때문에 깔았는데 찍어서 번역하는거 왜 없어졌죠?
신태섭,1,2024-05-07 22:59:30,콴다 프리미엄 7일 무료 사용하다가 더이상 돈이없어 자동 해지 된줄 알았는데 돈이 생기니 다시 결제가 다시 되더라고요 근데 결제된거 사용하지도 않았고 제의지와 상관없이 혼자 결제된거라 환불을 요청하였는데 일대일 문의접수를 읽지도 않고 계속씹히네요 급한돈이였는데 콴다로인해 피해를 봤습니다 72시간 이내로 해결된다고하는데 정말 급한돈이니 빠른 시일내로 해결 부탁드립니다
김정준,5,2024-05-07 22:20:03,찍어도 설명도안나오고 사진도 안나와요
이재권,1,2024-05-07 01:16:53,무료체험 한번해보고 말려고했는데 무료 체험 끝나기 전에 알림 온다고해서 잊고있었는데 알림도 안오고 갑자기 결제돼서 헐레벌떡 취소했는데 환불은 안되고ㅋㅋ진짜 그냥 웃음밖에 안나오네
박시환,2,2024-05-07 00:13:26,문제를 검색하고 풀이를 누르면 temporary_error_title만 뜨면서 눌러지지 않습니다
강민재,5,2024-05-06 16:05:22,대한민국에 유일한 참된앱
이다연,1,2024-05-06 00:55:12,예전에는 광고가 많이 나와서 불편했는데 지금은 문제를 검색하면 무한로딩이 뜨네요;;;;;
ᄋᄋ,2,2024-05-06 00:34:53,좋긴한데 풀이 검색을 하잖아요 그러면 사진을 찍고 그 문제에 대한 풀이가 나오긴 하는데 풀이가 쓰여진 사진이 하나도 안보임 아예 그냥 하얀색으로만 뜸ㅋㅋㅋㅋㅋ 근데 심지어 콴다프리미엄? 암튼 영상만 보이고 나머진 안뜨는데 이게 정상인건지;;
하짜피,4,2024-05-06 00:09:48,문제 풀 때 정말 유용한데 요즘 에러가 왜이렇게 많은지 모르겠네여
한승수,1,2024-05-05 18:49:19,일주일 무료체험뒤에 실수로 해지 못해서 18500원 결제되서 고객센터에 환불 문의 넣었는데 왜 이틀이나 지났는데도 답장이 없는거죠?
게임폐인,1,2024-05-04 21:58:08,사진이 안나와요 자꾸 에러 걸리고;;;
주아,1,2024-05-04 11:43:44,앱 너무 느리고 렉 오져요 왜 쓰는거야
//,3,2024-05-03 23:20:22,모르는 문제 찾아볼수 있어서 좋은데 요즘 좀 여러번 temporary_error_title 이 뜨면서 검색결과가 안뜨는경우가 많아 졌어요...
이하람,1,2024-05-03 22:46:09,아니 로딩이 너무 느려서 문제를 볼수가 없습니다 수정해주셨으면 좋겠습니다
장다훈,1,2024-05-03 22:43:45,"콴다를 사용하고 있는 사람임. 문제 사진을 찍고 문제에 들어가는것까진 괜찮음. 그런데 와이파이, 네트워크가 잘 연결되어있는 상황에서도 사진이 전혀 보이지 않음 그리고 요즘들어서는 문제를 찍고나서의 문제도 잘 안보여줌 그냥 하얀색 화면 뿐임 네트워크, 와이파이 잘 연결 되어있는 상황에서도 그럼."
해피니스탬,1,2024-05-03 22:32:19,"풀이가 틀리는경우도 많고, 모자이크 때문에 문제 확인하기도 힘듦 특히 로딩이 엄청 길어서 풀이하나 확인하는데 최소 5분은 걸림 결론 시스템 다시 만들어야할거 같음"
이시우,1,2024-05-03 22:28:21,평생 사용하고 싶지 않은 앱 별점 1개도 아까움
3처형900골드,1,2024-05-03 21:26:19,서버 너무 자주 터짐
김노,5,2024-05-03 16:45:36,학원 숙제개꿀
오서현,2,2024-05-03 15:57:52,좋긴한데 로딩이 뭐 한문제에 12분이 걸려요 이것만 고쳐주시면 완벽할듯
이원준,1,2024-05-03 00:38:19,아니 렉이 너무 많이 걸림 아예 사진이 사라짐
시은,3,2024-05-02 22:29:10,처음에 사용할땐 정말 편리하고 좋았는데 어느 순간부터 저만 그런지 모르겠는데 갑자기 렉이 심히면서 에러도 많이 나고 풀이 화면도 잘 안떠서 불편해요 ㅠㅠ
lee God,1,2024-05-02 16:12:07,잘 되다가 오늘 문제를 찍은걸 풀이를 보려고 하는데 평소에도 안그러다가 오늘 갑자기 오류가 났다고 합니다... 제 핸드폰이 문제인지 모르겠는데 개선 부탁드립니다...
송민기,3,2024-05-01 16:46:15,좋은앱인건 맞는데 광고가 진심ㅋㅋ 어느정도는 당연히 그러려니하겠는데 어째 갈수록 이게맞나 싶음
박지민,1,2024-05-01 16:39:06,유용하게 잘 쓰고있습니다. 근데 갈수록 광고가 너무 많아지네요. 5초까진 할 만 했는데 이제는 문제 풀이 하나당 15초네요 짜증나서 못하겠습니다 왠만한 앱들 광고도 5초에서 7초인데 공부앱에서 굳이 15초 광고들을 써야 했나 싶습니다 광고좀 줄여주세요
김주현,5,2024-05-01 12:50:49,로딩진짜 느려요.. 이것만 제바류ㅠㅠㅠㅠㅠ
차선영,3,2024-05-01 12:04:39,"문제풀이 검색할때 광고가 나오는 부분은 업체의 수익창출 부분도 있으니 무료로 사용하는 사용자 입장에선 충분히 이해가 되는데요. 근데 문제는 요즘들어 문제를 검색하면 풀이가 제대로 뜨질 않아요. 예전엔 검색해서 바로 확인이 가능했는데 , 지금은 30초 이상 기다려야 합니다. 아니면 1분 이상도 기다려야 해요. 이건 좀 아니지 않나 싶어요."
이다현,1,2024-05-01 11:38:17,아니 아무리 기다려도 답지랑 문제 둘다 안떠요
온마,1,2024-05-01 01:37:22,커뮤니티 때문에 공부에 집중하기가 힘듭니다.
sy j,1,2024-04-30 21:53:38,"와이파이 문제도 아니고, 핸드폰 문제도 아니고, 언제 어디에서, 삭제했다 다시 깔아도, 핸드폰을 껐다켜도 오류가 절대 해결되지 않습니다. 앱 사용 자체가 안되서 1점도 아깝습니다. 죄송합니다."
Haeum Lee,3,2024-04-30 20:44:19,"학교랑 학년 선택을 하지 않으면 앱을 사용할 수 없는건가요..? 홈스쿨러라 학교가 없는데 '학교 밖 청소년'으로도 선택할 수 있으면 좋을 것 같습니다 학교 별로 문제가 다르고 하니 학교를 선택하는 것 자체는 좋은 기능이라고 생각합니다. 그러나, 저 같은 경우에는 앱을 쓰기가 조금 어려워서 홈스쿨러라는 선택지를 만들어주시면 좋겠습니다"
홍진옥,5,2024-04-30 11:47:44,정말 편리합니다.
박순식,1,2024-04-29 22:48:55,아니 내가 다니는 학교도 안나오고 내가 중3인데 초3으로 되있음 내 학교 검색해도 안나옴
박준혁,5,2024-04-29 22:42:46,모르는 문제를 사진 찍어서 물어보면 제가 원하는 답과 풀이 과정이 나와서 좋습니다.
눌이.,1,2024-04-29 21:37:18,ai큐터에게 질문한 문제에 대해 자세하게 물어보면 ai가 답을 계속 틀려요 있으나 마나입니다.
풋볼갤러리,1,2024-04-29 18:46:37,기출문제에 오류가 많네요 진짜 쓰지마세요
성일중학교,1,2024-04-29 09:25:25,딴거 알려줌 설치하지마요
박소진,1,2024-04-29 00:21:44,문제 수가 적습니다.광고만 많이 나와요
김미정,5,2024-04-28 19:45:50,진짜 추천합니다!!! 제가 모르는 문제를 풀때 엄마 또는 수학쌤에게 물어보는데 만약 엄마와 쌤이 없으면 혼자서 끙끙 대는데 이 앱을 깐뒤도 그런 일은 잦아졌습니다. 그냥 문제를 찍기만 해도 바로 그 문제의 답과 해설이 나오는게 좋네요..♡
Google 사용자,4,2024-04-28 19:34:54,광고 너무 많이 나오는거 빼면 괜찮다
안세은,3,2024-04-28 18:11:22,유사 유형 나오는 것도 좋고 학교 기출 나오는 것도 좋은데 커뮤니티 질문하려고 작성하면 매번 오류가 발생했다면서 질문 등록이 안되요. 전엔 지식인에 질문했다가 더 빠를 것 같아서 설치했는데 아예 등록도 안되고 겨우 문제를 올려도 사람들이 답을 안해주니 지식인이 오히려 더 빨라서 설치하는 게 맞나 싶습니다. 질문 등록 오류 좀 해결해주세요
정찬호,5,2024-04-28 11:33:21,굿
myjun 1223,4,2024-04-27 17:32:24,모르는 문제 답지 따로 없을 때 찍어보기 너무 좋아요! 그런데 찍을 때마다 광고라.. 이 부분은 좀 아닌 거 같아요. 게다가 광고도 너무 이상한 거 많이 나오고.. 시스템 유지를 위해 광고를 없앨 수는 없을 거 같으니까 광고를 공부 관련 광고로 넣어주시면 좋을 거 같아요~
김도영,1,2024-04-27 13:56:42,광고 15초는 선넘는데요? 넣을수 있는 광고란 광고는 모조리 집어넣는것도 모자라서 이제는15초광고까지 참...
한상근,5,2024-04-27 09:41:32,진짜 삶의 질이 변한다
누누,5,2024-04-26 17:55:40,너무 좋아요 공부 효과에 너무 좋음 짱
이금주,3,2024-04-26 09:21:22,좋아요
엄미정,5,2024-04-25 16:52:10,사용하기에 너무 좋아요
에푸풉,5,2024-04-24 09:20:34,존좋
먹고싶다까마귀,1,2024-04-24 03:08:37,"풀이가 이상함, 내가 이상한건가 한참을 체크하다 어플 문제인걸 알았음. 귀중한 시간만 날림"
성연수,5,2024-04-23 21:49:24,감사합니다
전현준,1,2024-04-23 21:41:49,문제찍었을때 문제안봐지는 버그가 있음.
이수인,1,2024-04-23 17:04:01,먹통이 되네요
가나다라마사,5,2024-04-23 14:50:35,야무짐
신대철,4,2024-04-23 01:02:09,결제안해도 쓸만하네요 구독하는거 손해입니다
문성민,1,2024-04-22 23:51:56,"우리 콴다 옛날에 비해 많이 빠졌네? 기강 좀 잡아야겠다 어?!??!! 아주 돈에 눈이 멀어서 검색만 했다하면 광고, 풀이 영상이나 선생님 질문 어쩌구 하면 결제, 프리미엄 저쩌구 하면서 돈내라 이 시ㅂ 뭐 풀이 검색하면 옛날에는 똑같은 문제 나오는데 지금은 문제 형식이 유사한게 나올락 말락해 그리고 ""검색한 문제와 다를 수 있어요 😭"" 이 지금 장난하나 아주 수학 풀때 개꿀딱인 앱이 전성기 지나고 퇴물이 돼뿠어 으휴.. 수포자는 실망했다. 🖕🏻😐🖕🏻"
박준혁,5,2024-04-22 17:11:58,"내 문제랑 똑같은 문제를 찾는거에 1차 놀람,해설과 답이 이해가 잘되 2차 놀람 wow!"
정지혜,5,2024-04-22 16:56:56,좋아용
김찬돌,1,2024-04-22 07:59:12,오류가 너무 자주발샐함
초롱빗 달,3,2024-04-21 22:29:29,콴다 쓰고 있는 중3입니다 지금 시험기간이라 역사 문제가 필요해서 좀 뽑을려 했는데 역사는 2학년만 있고 3학년엔 사회만 있네요? 심지어 다른 과목도 몇몇 과목은 우리 학교 출판사엔 없는 게 많습니다 너무 불편하네요 출판사 다른 곳도 좀 올려주시고 3학년 역사도 추가해주세요 제발
페레로로쉐,5,2024-04-21 17:07:47,걍 짱임
Yeun A,5,2024-04-21 15:15:31,"5년째 콴다 사용중입니다, 오랜만에 들어오니 콴다 광고가 많이 개선된게 느껴지네요 광고 수익과 학생들 이용 양쪽에서 잘 절충되도록 고민한 것이 보입니다, 게임광고도 줄었고요 의견 수용해 주셔서 감사드리고 더 좋은 앱 부탁드립니다"
서현서,5,2024-04-21 14:15:43,역시 콴다가 광고에 자주 뜨는 이유가 있긴하나봐요..다른앱쓰다가 도저히 못쓰겠어서 콴다깔았는데 생각보다 너무 좋습니다
권서진,1,2024-04-21 13:40:30,1시 35분에 무료체험이 만료된다기에 32분에 취소했는데 20분에 이미 돈이 빠져나갔네요 환불어떻게 하는지 알려주세요
ᄅᄋᄏᄏ,1,2024-04-20 17:31:36,와ㅋㅋㅋㅋㅋㅋㅋㅋㅋㅋ 돈벌려고 답지 싸그리 없애둔거봐라 사람들이 굳이굳이 돈쓰면서 프리미엄 가입할거같냐? 걍 본인들이 풀고말지
2,1,2024-04-20 03:09:07,뭔 다 돈 쓰게 만든건지... 자이스토리 일반풀이가 없을리 없는데 아예 쏙 뽑아버리는거 넘 웃기네요 단계별 풀이랑 동영상 풀이만 뜨던데 차라리 삭제하고 유튜브 강의 보는게 더 나을듯
spis boom,4,2024-04-19 21:15:11,유료컨텐츠 못해서 아쉽
강정구,5,2024-04-19 18:20:51,숙제 하면 개꿀
이애경,3,2024-04-19 17:32:32,이 이유는 너무 어이없을 것 같지만 그래도 말하고 싶습니다. 내가 찍은 문제와 같은 문제가 나오면 더욱더 좋을 것 같내요.
김건우,1,2024-04-19 09:42:29,초심 잃었네 뭔 하루에 2번밖에 못풀게해놨냐 광고까지는 이해하는데 하루에 정답을 볼 수 있는게 2개인거는 심한거아니냐
m h,1,2024-04-18 17:20:02,temparary error라면서 해설의 사진이 안 뜨는 버그가 자주 일어납니다... 너무 불편합니다
5krq,1,2024-04-18 17:00:42,이 앱 현제 돈벌려고 풀이 삭제후 단계별 풀이 쓰게해서 프리미엄 사라고하는중 ㅋㅋㅋㅋ
분지Basin,3,2024-04-18 00:33:45,학생들을 위한 앱인데 왜 프리미엄이 잇는거죠.... 게다가 좀 비싸기까지 합니다.. 그 점 빼면 되게 유용하고 좋은 앱이 될 것 같네요
김치,1,2024-04-17 20:31:54,앱하나 뭐같이 만들거면 에초에 만들생각을하지마세요
이정임,2,2024-04-17 20:02:22,콴다를 썼는데 갑자기 안돼고 해도 답변이 없네요.
키티,2,2024-04-17 19:37:39,광고 이해할수 있습니다 근데 문제 검색할때 일반풀이가 안나오네요 이거는 좀 고쳐드리길 바랍니다
자유로운핵칠,1,2024-04-17 19:16:03,별 쓸데없는 기능만 추가하고 앱은 느려지고... 광고도 쳐 추가하고... 한계가 보인다
사이다콜라보단,1,2024-04-17 16:44:37,서버 터진거 같아요..
지구김,1,2024-04-17 14:00:44,답에 오류가 있고 ai또한 오류가 있는데요?
정여진,2,2024-04-17 01:57:48,초창기와 달리 광고에만 너무 집착하시는것 같습니다..공부에 집중하려 하다가도 광고만 나오면 집중력이 흩어져버려요. 작년 초까진 안이랬는데 데이터 소모 규모도 늘어나서 느린 데이터를쓰면 아예 오류가나서 검색도 제대로 못하게 됩니다. 기숙사에서 공부하다가 이런 경우로 과정을 알지 못한채 넘어가는 경우가 허다해요. 게다가 왜 쓸데없는 커뮤니티 채널을 만든건지도 모르겠네요. 이건 공부앱이지 잡담하라고 만든 앱이 아니지 않습니까? 공부하다 쉬라고 만드신거같은데 제눈엔 집중을 분산시키는것으로밖에 안보여요 공부 조언을 얻기위한 카테고리는 있을수있다 하더라도 잡담 카테고리는 왜 만드신건지 모르겠네요. 여기가 무슨 카페나 밴드도 아니고.. 게다가 관리도 제대로 안하실거면 왜 만드신겁니까?? 규칙보니까 안지키는 경우가 허다하던데 그냥 어이가없네요. 사람들을 묶어놓으려고 만드신건가요. 좀 쓸데없는 기능들은 좀 줄이시고 광고 욕심도 조금 줄여주시면 좋겠습니다. 이만큼 좋은 수학앱 어디 없었는데 아쉽네요.
김예성,5,2024-04-16 21:47:55,개샤샷
LEICA,1,2024-04-15 22:36:20,광고 많이 다셔셔 돈 많이 벌어쳐먹으세요~
은미,5,2024-04-15 18:01:05,좋다
뭘꼬라봐,3,2024-04-15 16:34:22,수학 문제나 모르는 문제가 나올 때 쓰기는 좋은거 같습니다 하지만 문제 풀이를 찍고 답이 나와야하는데 아무 것도 나오지 않는 이상한 버그가 있습니다 이 버그 좀 고쳐주세요
진명선,5,2024-04-14 23:17:32,굿
계정.,1,2024-04-14 22:05:08,동영상 풀이 보려고 구매했는데..보고싶은 문제 동영상이 하나도 없다.!? 🥲 죄송하지만 18500원 날린거같네요ㅜㅜ
ShowerGown,5,2024-04-14 00:13:33,콴쌤 고마워요! ⣿⣿⣿⣿⣿⣿⣿⡿⠛⠉⠉⠉⠉⠛⠻⣿⣿⠿⠛⠛⠙⠛⠻⣿⣿⣿⣿⣿⣿⣿ ⣿⣿⣿⣿⣿⠟⠁⠀⠀⠀⢀⣀⣀⡀⠀⠈⢄⠀⠀⠀⠀⠀⠀⠀⢻⣿⣿⣿⣿⣿ ⣿⣿⣿⣿⠏⠀⠀⠀⠔⠉⠁⠀⠀⠈⠉⠓⢼⡤⠔⠒⠀⠐⠒⠢⠌⠿⢿⣿⣿⣿ ⣿⣿⣿⡏⠀⠀⠀⠀⠀⠀⢀⠤⣒⠶⠤⠭⠭⢝⡢⣄⢤⣄⣒⡶⠶⣶⣢⡝⢿⣿ ⡿⠋⠁⠀⠀⠀⠀⣀⠲⠮⢕⣽⠖⢩⠉⠙⣷⣶⣮⡍⢉⣴⠆⣭⢉⠑⣶⣮⣅⢻ ⠀⠀⠀⠀⠀⠀⠀⠉⠒⠒⠻⣿⣄⠤⠘⢃⣿⣿⡿⠫⣿⣿⣄⠤⠘⢃⣿⣿⠿⣿ ⠀⠀⠀⠀⠀⠀⠀⠀⠀⠈⠓⠤⠭⣥⣀⣉⡩⡥⠴⠃⠀⠈⠉⠁⠈⠉⠁⣴⣾⣿ ⠀⠀⠀⠀⠀⠀⠀⠀⠀⠀⠀⠀⠀⣀⠤⠔⠊⠀⠀⠀⠓⠲⡤⠤⠖⠐⢿⣿⣿⣿ ⠀⠀⠀⠀⠀⠀⠀⠀⣠⣄⠀⠀⠀⠀⠀⠀⠀⠀⠀⠀⠀⠀⠀⠀⠀⠀⠀⢻⣿⣿ ⠀⠀⠀⠀⠀⠀⠀⢸⣿⡻⢷⣤⣀⡀⠀⠀⠀⠀⠀⠀⠀⠀⠀⠀⠀⠀⠀⣘⣿⣿ ⠀⠀⠀⠀⠀⠠⡀⠀⠙⢿⣷⣽⣽⣛⣟⣻⠷⠶⢶⣦⣤⣤⣤⣤⣶⠾⠟⣯⣿⣿ ⠀⠀⠀⠀⠀⠀⠉⠂⠀⠀⠀⠈⠉⠙⠛⠻⠿⠿⠿⠿⠶⠶⠶⠶⠾⣿⣟⣿⣿⣿ ⣀⠀⠀⠀⠀⠀⠀⠀⠀⠀⠀⠀⠀⠀⠀⠀⠀⠀⠀⠀⠀⠀⢀⣴⣿⣿⣿⣿⣿⣿ ⣿⣿⣶⣤⣀⣀⡀⠀⠀⠀⠀⠀⠀⠀⠀⠀⠀⠀⢀⣀⣤⣟⢿⣿⣿⣿⣿⣿⣿⣿ ⣿⣿⣿⣿⣿⣿⣿⣿⣿⣷⣶⣶⣶⣶⣶⣶⣾⣿⣿⣿⣿⣿⣿⣿⣿⣿⣿⣿⣿⣿
사람,5,2024-04-13 05:51:41,신세계
임해원,1,2024-04-12 19:43:53,다 유료로 바뀌어서 쓰기 힘들어요😥
Kyoung-doo Kim,5,2024-04-12 01:37:02,자녀 수학 숙제에 많은 도움이 되고 있습니다.
이은서,4,2024-04-11 19:49:36,"화학 학교 적중 문제 구매했는데 다운로드가 계속 안뜨네요 수1, 영어는 됐는데 오류라고만 뜨고 다른 건 다 1500원이라 괜찮은데 하필 4400원짜리라 좀 그르네요"
ᅩᄋ도,1,2024-04-11 16:22:29,싫어요
강소희,1,2024-04-11 13:31:09,굳
김숭민,5,2024-04-10 19:42:33,콴다에 감동했습니다..수학 말고도 다른 과목문제도 알려주시기도 하고 그냥 답만 알려주시는 것이아니라 이해가 잘돼도록 설명도 해주십니다! 완전짱! 개추입니다!
WÖRLD BTM,5,2024-04-10 12:48:27,모르는 문제도 쉽게 풀수 있고 또 다양한 기능들이 많아서 좋습니다 :)
심창보,5,2024-04-10 11:30:04,만족 굿
부제훈,5,2024-04-09 23:30:24,제가 모르는 문제 있을때 되게 간편하게 풀이를 볼 수 있고 암튼 전 만족함.[설마 답만 보는 분들 없죠?]
김병철,5,2024-04-09 16:45:37,굿
AS B,1,2024-04-09 12:22:43,"이 앱은 많은 돈을 써야 하며 그렇지 않을 경우 제한적이다,따라서 광고 보고 코인 얻기 기능이 추가되었으면 좋겠다"
김석훈 (KUNE_Runer),3,2024-04-08 18:23:47,분명 콴다를 사용하면 식을 자세히 알수 있으나 단점들이 몇가지 있습니다. 1.선생님 버전이 아닌 일반 콴다에선 학생들이 전반적으로 많은데 학생들은 알다싶이 돈을 낼수가 없어 프리미엄을 못사는데 무료버전 콴다는 광고가 너무 자주 나온다. 2.소속된 학교가 많이 없다. 저같은 경우는 감일백제중인데 설립된지 1~2년이 지난 신축학교들은 재학중인 학교에서 찾아봐도 보이지 않습니다. 이밖에는 정말 좋은거 같습니다. 위 점들만 조금만 고쳐주세요.
최우준,1,2024-04-07 23:22:49,영어번역 없는데
이효재,2,2024-04-07 22:42:36,일단 문제점만 얘기하겠음 1.우리학교 기출문제(무료열람) 대부분이 지원되지 않음->돈으로 사야함 2.돈으로 사도 문제를 풀수 있지만 정확한 해설×(해설을 보려면 돈을 내야함) 3.간혹 맞지않는 해설을 보여주는 경우가 있음(없을때도 많음) =>결론 돈을 내야한다
홍지승1,5,2024-04-07 22:21:55,풀이를 잘 해줘요
강유나,1,2024-04-07 21:35:32,검정고시로 학력 인정 받거나 자퇴생은 학생이 아닌가요?? 왜 가입이 불가능 할까요?? n수생도 많은데.. 참 학부모로 가입 하라는 이야기 인가요? 교육 관련 앱인데. 모든 교육의 기회는 공평하고 열려 있어야 된다고 생각하는데 학생 학부모 딱 두가지로 나누고 재학중인 학교 까지 입력 하라는 거 보면 콴다가 과연 교육앱 공부 앱 문제풀이 앱 일까요?
김보민,2,2024-04-07 17:01:01,콴다초심잃엇노
박민지,1,2024-04-07 14:22:24,학교 기출에 저희 학교가없어요
임유리,1,2024-04-07 11:49:22,먹통
광주에 도착한 개인택시,2,2024-04-06 21:42:56,풀이 질이 너무 낮고 저작권때문에 모자이크 하는거 ㅋ ㅅㄱ요
안동환,1,2024-04-06 12:05:14,잘되는데 3이 자꾸 8로 스캔 되요 이 부분만 보안해 주시면 좋을거 같아요 아니 어떻게 하면 잘못된이 옳은이 될 수 있는 거지
대뫄디,1,2024-04-05 16:12:19,몇번 찍으면 계속 일반 문제 풀이가 안나옴
이채은,5,2024-04-04 21:43:28,"진짜 과학 , 수학 ,영어 문제 푸는데 넘 좋아요"
김민아,5,2024-04-04 19:58:33,"이게 답만 알려주는게 아니라 풀이도 알려줘서 중간,기말대비에 너무 좋아요~~"
한국산 알파카,5,2024-04-04 19:28:25,좋은
주만승,1,2024-04-04 18:42:26,돈받고 쳐가르쳐주노 돈줄빠엔 걍답지쳐본다
함한진,3,2024-04-04 16:49:49,왜 갤럭시 탭에선 AI튜터가 안뜨죠? 이거만 괜찮으면 5점
장형미,3,2024-04-04 07:33:45,진짜 모르는 영어 문제를 찍어서 했는데 버거킹 광고가 계속 나오고 2초쯤 되면 바로 멈춰 쓸수가없네요
다우니,1,2024-04-03 20:53:26,오류 개 많이 걸림 뭐 하질못함
최혜인,5,2024-04-03 20:05:32,숙제 모를때마다 콴다는 그저 구원...잘 쓰고있습니다!
쿠르션,2,2024-04-03 01:23:35,초심잃음
Daniel Rah,5,2024-04-02 23:29:06,공부할때 필수
로보카폴리,1,2024-04-02 21:28:50,문제 찍으면 광고 차단앱 사용중이라고 뜨고 문제가 안떠요
정효민,3,2024-04-02 16:26:50,오류가 너무 많이 나요 ㅋㅋㅋㅋㅋ 커뮤니티 질문할 때
자몽,3,2024-04-01 17:31:58,대학생은 가입 못하나요...?
[SGG_HYUN]학교용 클라우드,1,2024-04-01 13:05:49,왜 암것도 안나오노 ㅋㅋ
사콘,1,2024-03-31 23:17:25,무료체험신청후 최소창이 안떠서 취소가안되요 일주일 후면 자동 결제 되는데 그전엔 취소가 안되고..진짜 .짜증나네요
이옥선,5,2024-03-27 21:48:01,이 앱이 있어 모르는 문제가 있을때 쓰면 너무 편리하다
Serena,1,2024-03-27 18:43:06,고객센터 최악입니다
51 8,3,2024-03-27 15:02:41,인기많아져서 유료화제도 된건 이해가는데 코인으로 살수있는 상품 종류나 재고 좀 추가해주세요ㅜ
ju yub kim,3,2024-03-27 12:22:33,좋아요
ᄋᄉᄋ,1,2024-03-27 08:10:37,내가 원하는거 안뜸
Yung Kyung Lee,5,2024-03-26 23:07:03,굿
권준영,5,2024-03-26 20:33:29,앙기모찌
김이삭,4,2024-03-26 18:37:18,낫배드
손명옥,5,2024-03-25 23:21:58,신세계 조아요
김수빈,1,2024-03-25 21:49:01,요즘 콴다를 좀 써본 학생입니다. 문제를 찍고 풀이까지 나오는건 좋네요 문제 찍을 때마다 조금 긴 광고가 나오는게 단점입니다. 그리고 가끔 안맞는 정답이 나오는데 이거 맞는건가요? 풀이도 이상한게 나오네요. 이걸로 풀이보고 문제 풀다가 답이 틀려서 쌤께 꾸중을 들었네요. 답 틀리는건 좀 아닌거 같은데 수정 부탁드려요.
문경순,4,2024-03-25 19:00:38,너모 좋아
jh Kim,1,2024-03-25 18:43:07,매운탕집 광고가 나오고 그거를 눌러봤는데 왠 성인용품 사이트 광고가 뜨는거죠. 학생들이 대다수인 앱에서 이러면 안되는거 아닌가요.
장서희,2,2024-03-25 18:02:16,광고 많음. 영어 해석 어디감?
노윤오,1,2024-03-25 17:24:26,풀이볼때마다 동영상풀이 광고가 계속 뜨는데 설정에서 뭐 끌수있는것도 아니라 쫌 보기 불편하네요 학생들 공부를 위한 앱이 아니라 공부를 통해 돈을 벌려는게 훤히 보여서..
김근형,1,2024-03-25 01:52:21,모르는 문제를 찍었는데 왜 다른 문제가 나오는거죠 선생님이 잘 못하는거에요 아님 로봇이 하는거에요?
kang min soek,5,2024-03-24 21:53:52,좋음
소무니,2,2024-03-24 17:56:37,제대로된 답이 안나오고 이상한 문제만 나옵니다
황혜식,1,2024-03-21 21:33:19,제가 잘못쓰는것도 아니고 정답을 않내고 더 어려워 지내요 추천 안 합니다.
반설매,3,2024-03-21 20:46:09,저는 다니는 학교 있는데 안떠서 어떻해요? 저 다니는 학교는 일반 학교 아니예요 제가 다니는 학교 안나와서 제발 내가 다니는 학교떠주신 떤가 아니면 없세주세요...
연두,5,2024-03-21 18:31:52,콴다 내가 사랑한다. 딩초때부터 사용하던 앱.... 널 잃을 수 없어 내가 졸업하는 그날까지 함께하자.
연두콩,5,2024-03-20 22:13:12,오답노트 쓸려고할때 모를때 물어보면 좋아요
jieun kim,5,2024-03-20 21:23:58,최곱
유혜성,5,2024-03-19 23:16:40,짱입니다
나희진,4,2024-03-19 20:52:15,솔직히 이정도면 괜찮다고 생각합니다 스캔 할 때마다 광고가 나오는 것이 좀 불편하지만 잘 알려주고 풀이도 좋네요.
최용헌,5,2024-03-19 17:40:57,좋아요
심이현,3,2024-03-19 06:43:04,편해요
나유진,5,2024-03-18 21:49:34,지금 사용 중인데 완전 편하고 간단해서 사용하기 너무 좋아요!
황우상,1,2024-03-17 22:33:32,내인생을 망쳤다
영웅,1,2024-03-17 21:58:32,"안녕하세요 학교 구글 계정으로 콴다를 가입하게 되었는데 저희학교가 학교 선배 구글계정을 사용해서 과제도 하고 앱설치도 하고 그러는데 .. 이번에 신학기로 선배님 계정을 받게 되었어요!그런데 기능들을 둘러 보면서 커뮤니티라는 곳이 있길래 들어 가봤더니 영구정지라고 되있어서 48년까지 사용을 못 한다는데 ... 이거 어떻게 초기화 안될까요?? 찾아보니까 커뮤니티로 모르는 문제나, 진로고민 상담도 할 수 있고 그렇다는데 .. 그럼 전 못 쓰는건가요ㅠㅠ.ㅜ"
박경림짱,5,2024-03-17 20:24:41,강추
윤한율,1,2024-03-17 00:29:12,버그는 뒤지게 많고 고칠 생각은 안하고 광고나 찍찍 뱉어대노?
race and billy kim,5,2024-03-16 21:40:06,사진만 찍으면 웬만한 공부 문제 풀이는 다 가능한거 같고 제가 평점을 거의 4점위주로 주는데 많은걸 챙겨서 만점 드립니다 혹시나 해서 정보 관련 문제도 사진 찍었는데 나와가지고 조금 황당했습니다 단점은 솔직히 없다고 봐도 무방합니다
k J,5,2024-03-16 12:03:15,좋아요~~
김시후 (오대오),5,2024-03-15 21:31:53,학원 숙제 대신 풀어줌
YC Lee,1,2024-03-15 19:36:44,죽어
강희정,3,2024-03-15 16:58:10,좋아요
채주완,1,2024-03-15 15:19:11,광고 너무 기네
김민수,5,2024-03-14 19:12:39,완전 대바바박이에요!
김형진,2,2024-03-14 01:05:55,계정을 로그아웃하고 들어가려고 하니까 카카오톡을 눌러도 안돼요
강다연,5,2024-03-13 22:25:25,개좋음
용준,3,2024-03-12 20:07:08,잘 쓰고 있었는데 학년 업데이트 하라고 화면에 뜨고 클리이 안돼여...
백지수,3,2024-03-11 23:03:17,문제를 찍고볼라니까 광고차단앱이 있다면서 풀이과정을 못보네요 어케해야하나요?
Saray Quinche,1,2024-03-11 21:27:58,사진을 찍어도 답이 안 나와요. ㅠㅠ
shift hu,1,2024-03-11 17:24:06,커뮤니티에 욕을 쓴 것도 아니고 당최 뭐가 부적절하다는건지 모르겠네요~ 진짜 별로에용ㅠㅠㅠ
스노우캣,3,2024-03-11 01:01:55,해석이 어려울때가 있긴하지만 답을 보면 이해가 됩니다 해석을 조금더 쉽게 만든다면 더 좋을것같습니다 킹아
HW J,3,2024-03-11 00:54:56,안녕하세요 콴다 프리미엄 결제를 하였는데 작년 8월에 했거든요? 근데 이게 지금 다시 결제하라고 하네요. 그리고 계정이 같은데 다른계정에서 프리미엄 결제를 했다고 했는데 계정이 똑같아요. 이 부분 다시 한번 다시 도와주시길 바랍니다. 딴 건 다 만족스러워요. 감사합니다.
비정상아님,3,2024-03-10 23:30:25,문제를 찍고 스캔할때마다 계속 광고나오고 선생님답이 틀린건 사람이라 이해할수있지만 답이 틀리면 삭제를하던가 그래야하는데 그대로 있고 스캔할때 수식기 답이 다르게 나오고 문제도 아예 다른 과목이 나옴니다
Chaos and Order,1,2024-03-09 23:59:53,CHAT GPT가 더 나을것 같습니다
다솜이,2,2024-03-07 23:53:02,진짜 업데이트 하면 할수록 더 야비해지네요ㅋㅋ 동영상풀이를 30초만 보는건 그래도 괜찮았는데 하루 두번은 너무한것 같네요
나노,4,2024-03-07 12:17:30,프리미엄 구독을 만족스럽게 이용하고 있는데 챗봇이 기초적인 실수를 하더군요. 예를 들어 수학 설명을 할 때 계산식에서 - 으로 시작하는 이차함수가 있을때 이 함수의 그래프는 위로볼록 그래프인데 아래로 볼록인그래프라고 잘못 설명하더라구요. 식을 잘못 인식한건도 아닌데도 불구하고 말이예요. 챗봇이 설명을 잘 해주긴 하지만 이런 실수가 있을 때 제가 알아채지못하면 제대로된 학습을 하지못 할 까봐 우려됩니다. 왜 이런 기본적인 실수를 하는 건가요? 이런 실수가 계속 반복 된다면 콴다 앱에서 제공하는 학습정보를 신뢰하기 어려울것 같아요. 😭
조현오,5,2024-03-06 18:41:59,앙 기모띠
safeslinky,1,2024-03-06 18:00:01,광고 너무 많이 나옵니다 어케 공부엡에 게임 광고 가 ..... 그리고 인식률이..... 엄
윤종해,2,2024-03-06 17:48:03,진짜 공부를 위한앱인데 왜 게임광고를 띄우는지
hmy 3939,5,2024-03-05 22:29:19,굿
동욱,5,2024-03-05 19:04:37,광고 애미
A,3,2024-03-05 03:09:08,학교 업데이트 하라고 떴는데 제 학교가 없을 땐 어떻게 해야하나요?
김태은,4,2024-03-04 23:40:00,프리미엄 무료 체험 후 요금이 지불되는지 모르고 있었는데 몇 달 동안 결제가 되었습니다. 사용하지 않았는데 결제된 부분을 돌려받을 방법이 없을까요? 결제 되는지 모르고 있다가 취소를 하였는데 그 이후로도 계속 결제가 되었습니다. 전부 돌려받을 수 있을까요? 빠른 답변 부탁드립니다.
박재우 (enjoypark),1,2024-03-03 22:11:55,콴다를 통해 문제를 찾을 때 광고 시간이 너무 긴데 없에기 버튼이 없음
토리토리,3,2024-03-03 20:46:16,광고 왜 넣음?
오잉또잉,3,2024-03-02 17:43:34,커뮤니티에 문제풀이 기능을 사용하고 싶은데 제목칸이 없는데도 자꾸 제목을 쓰라고 해요 그래서 문제를 따로 그냥 찍어서 거기에서 커뮤니티에 내 문제 질문하기를 누르면 정상적으로 제목칸 설명칸이 뜨는데 거기서는 또 업로드를 누르면 오류라고 뜨네요.. 고쳐주세요ㅜ
__,1,2024-03-01 22:44:26,ㅈH가요 원래 페ㅇl 지 검색을 쓰고 있거든요? 근ㄷH요 그게 사라졋더ㄹr구요 ^_^;; 그ㄱㅓ 돌려놓으ㅅl 면요~ ㅈH가요 5점으루ㄷrㄱr 드릴 수 있거든요? 그것 쫌만 ㅎH주시면 안되요..? ㅡ_ㅡ;;
유승호,5,2024-03-01 19:53:31,정말 문제 설명을 잘해주고 모든 선생님들이 친절하게 알려주셔서 정말 좋습니다
고미애,3,2024-02-29 09:47:39,"답도정확하지않고 답지를보고 해석과풀이를쓰는게아니라 진짜푸는거라 계산실수나 이런 오답이 많음.영어나 수학을쓰는데 해석은 안하지만 문제에서 오답이나오는 경우가 많음.장점은 내가 문제를풀시간이 적어지지만 해석과풀이는알수있어서 쪼금 좋음..글고 앞으론 질문할때 돈버니까 답지를사서 답해주면 넘나 좋을것같아요.나중에 진짜 제가 이걸로 다맞으면 별점을 5점 남길것 같아요.이미 수학은 몇번되긴 했지만 제가 원하는건 영어라서요.조금더 신경써주면 감사합니다....그런데요.이곳엔 과도한 결제구매를 하게합니다.수식계산기,문제찍어 질문하기 등등 저는 수많은 프리미엄 위에서말한모든것은 결제유도를 겪어왔습니다.광고도 많고요.이걸쓰실분들은 다시한번 생각하고 설치해주세요.리뷰를보니 저같은 문제를겪으신분들이 많더라고요.이문제에 대한 해결을 해주시면 정말 좋겠습니다.이걸쓰고나서 30문제중 약20문제를 저는 틀렸습니다.그리고 문제를풀어줄때 어떤학생은 이거아니라던데 라고도 말했습니다.이문제들을 고쳐주시면 감사할것같네요."
_메타_,5,2024-02-28 17:54:18,무한로딩 언제고칠거야~~~~ +)답변 빠르네요
신재환,1,2024-02-28 16:31:15,예전에는 다 무료에다가 광고도 안나왔었는데 최근에 돈맛을 봤는지 광고도 풀로 봐야하고 동영상 풀이도 안 보여줌;;;;;
S K,1,2024-02-28 15:25:46,광고 역겨워요
서승아,2,2024-02-28 13:46:27,문제 검색 몇번 쓰고나자 오류가 계속뜨고 다시 삭제하고 깔았는데도 안고쳐져요
hajun Kim,5,2024-02-28 12:15:42,하 진짜 사랑함다
이윤솔,4,2024-02-28 09:47:41,모르는 문제를 바로바로 알수 있어서 좋아요. 하지만 광고가 너무 많아요.
박윤수,1,2024-02-27 17:20:35,광고좀 줄여라
이준혁,5,2024-02-26 00:12:25,와.우
Chaehyun Kim,1,2024-02-26 00:11:19,광고 빈도가 도를 넘습니다
김연재,5,2024-02-23 14:15:51,너무 좋아요👍🏻👍🏻 풀이과정이 너무 잘 정리 되어있고요..그냥 너무 좋습니다.계속 뒤로 감기하면 광고 없습다ㅋㅋ 인생 앱이네요
진은정,4,2024-02-23 12:29:25,"너무 좋긴한데요.. 가끔씩 렉이 걸리고, 문제를 지맘대로 바꿔 버려서 좀 그렇습니다, 이점 고쳐 주시면 별 400만점이라도 드릴수 있으니 고칠점은 고쳐주시고 좋은점은 계속 유지해주시기 바랍니다. 감사합니다."
황인우,1,2024-02-22 22:46:22,찍을때마다 광고 나오고 심지어 찍은 문제랑 전혀 관련도 없는 문제가 나오고 제일 큰 문제는 찍은 문제가 안 나옵니다
도치,1,2024-02-21 22:29:54,진짜 공부에 상관도 없는 광고 계속 뜨고 한 문제 찍을때마다 광고나오고; 예전에는 안이랬는데 이젠 무슨 광고로 돈 받아먹는 행동이 노골적으로 보여서 좀 그렇다; 너무 광고가 많은데 진짜 게임도 이렇게까지 광고 많진 않다.
다몬,1,2024-02-21 18:17:51,최악
안녕,4,2024-02-21 17:23:38,"광고는 상관 없는데, 문제를 검색하려고 문제 찍으려 할때 자꾸 두문제 이상 묶여서 찍혀서 불편한 점이 많네요"
태희,1,2024-02-20 23:20:37,광고 땜시 지웁니당 ㅎㅎ
오수민,1,2024-02-20 19:35:43,30초짜리 광고가 스킵도 없이 나옴 5초면 이해하겠는데 30초씩 기다리면서 쓰고 싶진 않음
이강현,5,2024-02-20 14:18:43,문제 하나 검색하고 광고 2개 보는꼴임
석효은,5,2024-02-20 13:31:14,진짜 너무잘되요 문제랑 비슷한것만 나올때도 있는데 몇번 하다보니 너무 잘되요 일반 랜즈같은거는 그냥 숫자문제밖에 못푸는데 이건 다제다능 해서 너무 편하고 좋아요
이호명,5,2024-02-19 20:48:53,콴다 너무 잘쓰고 있습니다!!!감사합니다!!!!
신월Xsinwol,1,2024-02-19 19:46:40,다른 문제가 나오고 결제을 자꾸 유도에 예번보다 훨신 더 안좋아진 느낌 정말 안탄깝다. 예전에 콴다로 돌아왔으면 좋겠다.
원빈송중기김재원,5,2024-02-19 19:25:47,좋아요♡♡
조영록,5,2024-02-19 16:34:52,좋은데 선생님들 해석이 아쉬울때가 있음 +답변 감사합니당
이동윤,1,2024-02-19 15:37:39,돈독 : 돈에 대해 지나치게 욕심을 내거나 집착을 보이는 태도를 비난조로 이르는 말.
김윤우,5,2024-02-19 13:35:52,와.....진짜 유용하네요...시험대비에 최적입니다
배민정,5,2024-02-19 13:14:26,짱인데?
EFG ABCD,1,2024-02-19 13:09:38,광고가 괴애애애애애앵장히 길고 뭐 하나 누르면 누를때마다 광고나옴
유진,5,2024-02-19 10:16:31,아니 저 유료인 줄 모르고 구독했는데.. 그래서 구독 취소했고든요..? 환불 해 주세요... 쓰지도 않았는데..
전우림,1,2024-02-19 10:04:32,진짜 비추합니다 광고 차단앱같은거 깔지도 않았는데 광고차단 앱있다고 문제도 안띄워주고 정작 광고 차단앱 이름도 안알려주면 뭐 어쩌라는겁니까? 콴다 애미애비 다 찢어 죽여버릴겁니다
김유미,1,2024-02-19 08:19:55,치매 걸렸냐 아무리 그래도 영어랑 수학이랑 헷갈리면 어쩌냐 비양심들아
찬성진,5,2024-02-18 21:52:58,진짜 너무 좋아요
도롱튜브다롱튜브,5,2024-02-17 23:56:32,잘쓰고있습니다. 그런데 광고차단앱때문에 검색이 안된다고하네요. 어떤앱인지 도통 찾을수가 없어요 ㅜㅜ 찾는 방법좀 가르쳐주세요.
냐배어여,1,2024-02-17 20:31:39,이제는 광고가 2개가뜨기도 하네요?
김태연,1,2024-02-17 20:05:54,"광고를 앱 열 때, 문제 검색할 때, 심지어 홈 화면에서조차 광고가 나오고요. 이상한 광고도 꽤 나옵니다. 아니 공부 앱에 게임 광고는 왜 넣는 거예요..?? 콴다 자체 제작 광고도 정말 많이 나오는데 이런 거도 하루 이틀이지 매번 계속 나오면 어쩌자는 거예요.. 콴다 관련 광고만 하던지 관련 없는 광고만 하던지 둘 중 하나만 해요. 그리고 결제 유도를 너무너무너무 많이 합니다. 문제 검색해서 영상 풀이는 맛보기만 볼 수 있고, 그렇다고 영상 풀이가 완전히 이해되지도 않아요. 그냥 너무 빨리빨리 함축해서 설명해둔 느낌? 콴다 프리미엄 써봤을 때도 해설 영상은 잘 보지 않았습니다. 그리고 1:1 질문권도 비싼 편이고요. 솔직히 자세히 설명해 주시는 분들 많지 않은데 왜 이렇게 비싸게 파는지 모르겠네요. 다시 한 번 강조하지만 콴다의 제일 큰 단점은 광고+심한 결제 유도입니다. 이런 거 조금이라도 줄어들면 유저들 수가 증가하거나 앱 평판 좋아질 것 같은데 그럴 기미가 안 보이네요."
일반인,2,2024-02-16 22:21:42,잘 사용되다가 갑자기 문제풀이에서 계속 일시적 오류만 나옴 하라는데로 다 해보고 다시도 깔아 봤는데
신ᄎᄋ,1,2024-02-16 13:33:42,1점도 주기싫다.관한 문제를찍었는데 다른문제를 나오게하면 어떡해하라는건지모르겠음.이거 깔지마세요.별 1개도주는거 아깝네요;;
이주희,3,2024-02-16 11:47:17,"광고가 일단 넘 많이 나와요 20~30초는 좀 아니지 않나요? 고쳐주셨으면좋겠네요 그리고 문제의 답이 틀린경우도많아요.또 콴다를 자주쓰는 저는 정확한문제풀이는 없고 답만 알려주기에 수학학원에서 채점하고 쌤이 잘했다고해서 양심이찔립니다. 물론 정말 모르겠는,어려운 문제가 답이 있는건 좋다고 생각합니다.그리고 문제를찍어 물어보고싶은데 돈을 내야해서 슬픕니다"
min song,1,2024-02-15 20:53:40,"렉많이 걸림, 광고 개많음, 오답나옴"
Jinyoung Myoung,4,2024-02-15 13:26:08,"잠깐씩 5초광고 뜨는거 빼고는 계산기,영어 해석,영어 단어 게임등등 있어서좋습니당 전 4.5점주고싶은데 0.5가 안되서ㅠ"
a tree,2,2024-02-15 08:21:20,예전처럼 페이스북 로그인이 아니라 좋긴함 질문하려면 캐시?가 필요한데 캐시를 다른방법으로 못벌고 진짜 돈을 내야해서 불편함 돈쓸각오 하고 뭘 해도 해야됌
김순이,1,2024-02-15 00:31:53,광고 더럽게많음
김시현,1,2024-02-14 14:29:44,아니 이게 무슨 공부 어플이라고 야한 광고만 쳐 나오는데 무슨 하1점도 주기 아깝다
최진우,3,2024-02-14 11:19:19,따른건 다좋은데 광고가 5초였는데 지금은 30초로 됐어여 한번찍을때마다 광고가 계속 나와요 한번씩 나오는건 좋은데 한번찍을때마다 30초짜리광고가 나오니깐 불편하네요 고쳐줬으면 좋겠습니다..
이준서,1,2024-02-13 20:35:11,절대 쓰지마세요
김윤건,5,2024-02-13 16:00:30,좋아요
문HZC channel 1200,5,2024-02-13 13:50:56,콴다취소원해요. 결재된거 취소원해요.전화번호좀 알려줘요
김예은,1,2024-02-13 12:05:55,광고 작작좀 붙이세요 그리고 학생들이 이용하는 어플인데 선정적인 광고좀 막아요
이미화,5,2024-02-12 20:23:36,good
김영미,5,2024-02-11 22:07:11,김영미 온라인생 큰딸유튜버
Michael Hoon,2,2024-02-11 10:16:23,아니 프리미엄 서비스을 갑자기 중단한다고? 아 놔
김찬우,1,2024-02-10 20:03:51,광고 1분짜리 돌았냐?
이은설,5,2024-02-10 08:24:33,좋음
단발요정김채원,1,2024-02-09 20:40:45,솔직히 광고는 선 넘었죠ㅋㅋㅋ 님들 그냥 큐브라고 다른 앱 있는데 그거 쓰세요 그건 광고 없어요.
둘리,1,2024-02-09 11:36:21,콴다도 망했네요. 질문 하나에 3000원... 이럴거면 지식인에 올릴듯..
양예령,5,2024-02-08 22:34:28,저 정책 위반 안 했어요 ╥﹏╥
최유라,2,2024-02-08 13:12:55,제가 콴다를 그리 많이 쓰진 않았지만 쓰다보면서 불편한 점이 너무 많아서 처음으로 리뷰 써봅니다.일단 문제를 찍으면 다른 선생님이 풀어주셔도 일반풀이를 보면 답이 다른 경우도 있고 또 문제를 찍어도 제가 찍은 문제랑은 전혀 관련이 없는 문제가 뜹니다..여기까진 그래도 참을수는 있어요.그런데 광고가 한개마다 뜨는데 20초 이상은 조금 아니라고 생각합니다.제가 지금 수학 문제를 풀려는건지 유튜브를 보는건지 모르겠을 지경이에요...아무튼 이런점들 고쳐주시면 좋을것 같습니다. 긴글 읽어주셔서 감사합니다!
김주레이,1,2024-02-07 20:55:00,애미 뒤진앱 광고좀 그만 떠라 정확도도 쓰레기면서
Tuna Choi,1,2024-02-07 15:55:54,광고 너무한 거 아닌가 초심 잃었네
DongHyeok Lee,4,2024-02-06 18:31:16,솔직히 좋은 앱이에요 공부 풀이 방법에 도움도 되고 공부에도 도움이됩니다 하나 안좋은건 거짓답이 쬐끔 있다는거? 이상 끝입니다
예찬,1,2024-02-06 17:25:47,영단어게임이1번 밖에 못함
조규형,5,2024-02-06 11:03:43,폴리 되게 신기하네요
이미래,2,2024-02-05 17:42:16,정답도 맞는게 거의 없고 광고만 드릅게 많이 나와요
Nano Silver,2,2024-02-05 14:42:08,"I usually use a tablet. On a landscape screen, when entering a problem or checking a problem uploaded by someone else, a letter box appears on both sides, which is very inconvenient. I think it needs improvement."
이제엽,1,2024-02-05 13:19:26,광고제발 학생이 비트코인이랑 상조 광고타겟은 아니자나 너무길다
호잇,3,2024-02-04 17:32:55,제가 찾고 싶은 문제가 없는 경우가 많네요 그외에는 괜찮은것 같아요
chris,5,2024-02-04 10:39:25,최고의 학습 사이트!
김태호,1,2024-02-03 15:40:02,광고
채라,5,2024-02-03 12:42:39,정말 편리하고 유용한 앱이에요!! 강추
김해준,5,2024-02-03 10:20:17,진짜 너무너무 좋아요!! 아직 유료결제를 하지 않았는데도 불구하고 문제 대부분이 등록되어 있어서 모르는 문제를 쉽게 풀 수 있어요!!
마을기술센터핸즈,1,2024-02-02 23:10:00,왜 인증번호 요청하면 오류가 뜨는 걸까요?
초,1,2024-02-02 21:08:28,"뭐죠? 분명 리뷰를 썼섰는데 지우셨나 보네요;;; 우선 동영상이 올라와 있는걸 보려면 원래 결제가 필요 없었는데 생기고, 풀이를 봐도 이해가 안되는 부분이 있는데 영상도 당연히 알거라는 식으로 대충 설명하시는 분들이 많더라고요. 그 부분을 물어보려면 또 결재를 해야하고..."
정유정,5,2024-02-01 17:55:07,그래도 답을 한번에 알려줘서 좋았어요
장어덮밥,1,2024-02-01 17:26:53,광고 스킵 좀 만들어라
레오,1,2024-01-31 22:53:07,요즘 광고가 너무 많아짐..
김서연,3,2024-01-31 17:02:30,안녕하세요. 콴다를 몇년째 사용중인 학생 입니다. 전부터 계속해서 느꼈지만.. 왜 문제를 찍고 스캔할때마다 왜 항상 광고가 뜨는건가요? 그래도 전엔 짧고 5초짜리 라서 괜찮았는데. 요즘엔 막 30초도 넘게 나오는 광고가 나옵니다.. 아니 매번 이렇게 광고가 나오면 어떡합니까? 그리고 가끔 문제에 답도 이상하게 나옵니다. 답변 해주신 선생님의 답이 틀릴때도 있고요. 이것도 한두번만 있는게 아닙니다.. 그리고 수식계산기에서도 이상하게 막 답을 줍니다. 이건 그냥 오류인건지 뭔지.. 이런것들 빨리 고쳐주셨으면 좋겠습니다. 특히 광고.
티파니,3,2024-01-31 14:13:37,잘 썼는데 갑자기 카메라 쓰려고 하니까 일시적인 오류라면서 계속 안되네요 나갔다 들어와도 안되고 지웠다 깔아도 안되는데 이거 어떡하죠
Su Ee Kim (찌미니),5,2024-01-31 10:18:02,잘 사용하고 있어요~
플?루,5,2024-01-30 20:59:35,광고가 거의 없는것같고 왠만한문제는 거의다 나와서 편하고 좋네요-u-
김하경,2,2024-01-30 15:48:49,헤이딜러 광고 좀 그만 뜨게 해주세요 진짜 진절머리 날 것 같아요..
이도원,1,2024-01-30 11:43:39,사진을 찍고서 과고사 나오는데 엑스 누를때마다 일시적인 문제가 발생했다고돼어 있습니다. 점점 앱상태가 별로 안좋아지네요;;;;
윤창우,1,2024-01-29 17:34:27,점점 광고가 많아지네요 학생들을 알려주는게 목적인지 광고 넣는게 목적인지 광고좀 줄이세요
23 1,1,2024-01-29 11:43:02,콴다 이제 사칭광고도 받나보네요ㅋㅋ
김경화,1,2024-01-29 00:36:44,진짜 하나 찍을때마다 주식 1분짜리 광고 뜨는거는 돈에 미친거냐ㅋㅋ얼탱이가 없노
김나연,1,2024-01-28 16:27:16,1문제당 30초짜리 광고가 말이 되냐고
예빈프린세스,2,2024-01-27 15:15:47,michin 광고 jona많이 나오고 또 jona 길다 Do 넘은 광고 마음이 심히 not good
선권의,1,2024-01-27 00:50:42,1문제에 광고 30초짜리는 너무한 거 아니냐?
이담,1,2024-01-26 22:49:24,개별로 추천안함
김현수,1,2024-01-26 14:39:21,리뷰쓴거 콴다관리진 댓글봤는데요. 애초에 공부하려고 몇문제정도 콴다도움 받아서 문제를 풀려고 앱을 다운받은건데 한문제 찍을때마다 광고가 나오는데 예전과 다르게 지금은 그냥 수금기계나 다름없는거같고요. 댓글보니까 사용자에게 맞춤 광고 제안된다는데 게임광고가 공부하려고 콴다앱 다운받은 사용자에게 맞춤광고인가요? 게다가 AI성능 핑계랍시고 어쩌고하는것도 황당하네요.
이정원,1,2024-01-25 23:19:03,걍 쓰지마셈 실력 안늘어
장은서,4,2024-01-25 13:56:52,가끔씩 풀이과정 모를때 쓰기좋아요 다만 광고가 너무 많아요
양소현,3,2024-01-25 09:59:32,"왜 자꾸 광고가 소리가 들리는거죠..ㅠㅠ 스카에서 공부하는데 자꾸 광고소리가 들려서 불편해요 원래 소리 안들리게 해주지 않았었나요.. 광고도 3,4개마다 1개씩 나오면 더 편하게 이용할 수 있을 것 같네요"
권수용,5,2024-01-24 23:27:53,광고 조금만 줄여주시면 진짜 괜찮은 앱인듯!
신영길,5,2024-01-24 21:16:11,감사합니다 😊😊☺️
노세라,1,2024-01-24 12:25:14,이게 뭔가요? 1점도 아까워요 광고는 계속 나오고 렉 걸리고 난리네요
공주,3,2024-01-24 09:29:20,굳굳
손상훈,1,2024-01-22 22:28:56,광고가 모든 문제를 검색할 때 마다 나오면 어쩌자는건가요... 스킵도 안 되고 그래서 문제를 검색하는건지 광고를 보는건지도 모르겠네요 심지어 광고내용도 중고차 보험 이런거고... 다른 분들이 비슷한 내용의 리뷰를 남겨도 내용을 수용하여 개선한다 말로만 그러고 오히려 더 악화되네요
손승연,1,2024-01-22 16:45:55,광고가 넘 많음
이성민,1,2024-01-22 14:18:53,광고좀 그만나오게해주세요제발
도링퐝,4,2024-01-22 12:40:19,진짜 너무 좋고 숙제 빨리 끝낼때 최고인데 광고 너무 많이 나옴 동영상 풀이도 앞부분만 짤막하게 나오고.. 그것만 고치면 최고!
김한울,5,2024-01-21 19:03:18,덕분에 문제집 30분만에 다품^^
김수빈,1,2024-01-21 00:21:58,문제 풀이가 'step.1 주어진 식을 이해하기'만 무료고 나머지는 전부 콴다 프리미엄을 결제해야 하네요 광고를 볼 수 있는 것도 아니고 무조건 결제.. 정말 화납니다
star* White,1,2024-01-20 22:28:13,콴다라는 앱의 수식 계산기를 업데이트 할 필요가 있다고 생각합니다. 너무 구시대적이고요. 더 많은 기능을 추가했으면 합니다. 시간이 된다면 뭘 추가했으면 하는지도 적어드릴게요. 그리고 왜 별 한 개냐면 콴다에 들어갔는데 흰바탕에 이상한 영어만 뜨더라고요. 어쩌란거죠?? 물론 나가라는 거겠지만 섭관리좀 하시길 바랍니다.
hyeonwoo,1,2024-01-19 19:19:17,아니 5초 10초 광고는 이해하겠는데 스킵불가능한 30초 광고추가하는거는 너무한거 아닙니까?? 계속 30초면 이앱 못쓰겠네요
고효상,5,2024-01-19 17:16:34,"배움에 왕도는 없다. 광고도 마찬가지 이유다. 답을 구하려고만 하는 이에게 5초 또는 30초는 흘러갈뿐인 시간이지만, 깨달음을 얻으려하는 이에게는 그 시간이 그저 문제를 한번 더 생각해보는 기회가 된다. 진정한 학도는 10분짜리 광고를 원한다."
박예슬,2,2024-01-19 00:07:16,왜 가로모드는 지원이 안되나요? 태블릿으로도 가로모드가 안되던데요
비트마스터,5,2024-01-18 19:48:17,방금 해보니까 정말 잘 알려주네여
buy for,1,2024-01-18 18:18:03,이제 여기에도 돈을 써야 함? 학생 상대로 돈 빨아먹을 생각을 처 하노
발가락슬레이어,2,2024-01-18 14:35:08,광고가 너무 많아요. 공부 관련 앱인데 이정도면 공부에 해를 끼칠까 싶을 정도에요 ㅠ
김민후,1,2024-01-18 13:48:42,문제 풀이를 원할땐 기본 광고 30초이상 시청해야하고 이상한것들이 너무 많이뜨고 풀이가 틀리는 경우가 많아 매우 쓸모없어요
neon zizzy,5,2024-01-18 13:29:50,감사합니다!!!!!!!!!
반유현,5,2024-01-18 10:53:56,단순히 오늘 무료로 문제 검색 기능을 제공해 시험 보기 1시간 전에 도저히 모르겠는 시험범위 수학 문제들을 해결해줘서 너무 고마워서 5점
안가현,1,2024-01-18 09:52:12,원래는 문제 찍으면 돈안내고 자세하고 이해하기 쉽게 알려줘서 좋은 앱이였는데 이젠 걍 대놓고 돈내야지 알려준다는 듯이 하니 안쓰고 싶네요.
이현서,4,2024-01-17 17:03:07,갤럭시라 그런지는 모르겠지만 한 번씩 초점이 나갈 때가 있어 조금 불편하고 영어는 검색하면 조금 엉터리로 나올 때가 있더라고요. 그래서 별점 4개 드림 광고에 대한 평이 많은데 저는 괜찮았습니다.
우은서,5,2024-01-17 16:32:35,좋어요
Swony Kim,1,2024-01-17 13:16:14,곱하기 문제를 했는데 루트가 나오고 이상함 깔지 마셈
내버미•,1,2024-01-17 11:35:36,패스 안샀다고 풀광고 보여주는건 좀 너무하지 않나요? 답지 보기가 불편해서 이용하는데 광고 보는 시간이 기니 차라리 답지를 보고 말겠습니다... 그렇다고 많이 쓰지도 않는 앱에 돈 주기엔 그것도 아깝습니다..
김은율,1,2024-01-17 00:06:43,아니 광고 좀 어떻게 하면 안돼나?
정혜윤,5,2024-01-16 17:18:17,문제에 대한 자세한 풀이가 있어서 좋아용 근데 일반풀이 아니면 돈 내야돼서 슬프네욥..ㅠㅠㅠ
최준홍,1,2024-01-16 16:41:54,콴다가 원래 농어촌 학생들도 쉽고 간편하게 문제 풀이를 확인한다는 취지로 만들었다고 들었습니다. 근데 지금은 한 문제당 광고 1개고 스킵도 안되니 문제 하나에 30초 정도는 기다려야하네요. 그리고 동영상도 원래 무료로 볼 수 있었는데 언제부터인가 짤막하게 맛보기 형식으로 줄여놨고요. 처음 콴다를 사용했을 때의 좋았던 기능들은 어디로 갔는지
김한결hanoi,3,2024-01-15 14:20:19,다 좋은데 문제를 찍을때마다 광고가 나온다는게 불만. 문제가 어려워서 하기도 싫은데 찾아볼때마다 광고가 나오니 마음을 다잡아도 다시 하기 싫어짐. 돈을 벌어야하는건 알겠지만 너무 과하지 않나 싶음
허현숙,5,2024-01-15 14:09:51,모른 문제를 알려줌
Google 사용자,5,2024-01-15 11:54:17,공부하는데 도움이 많이 되었어요 그래서 수능에서 높은성적이 나와서 대학에 붙을 수 있었어요.
김상희,4,2024-01-14 22:06:29,원하는 내용을 바로바로 전달해 줘서 넘 좋지만 중간 중간 광고땜에 4점 남김니다
김시현,4,2024-01-14 21:35:31,진짜 도움 많이 됐어요.. 근데 콴다도 이제 돈 맛을 알아버린걸까요..ㅋㅋ 뭐만하면 프리미엄 쓰래ㅠㅠ
조채윤,1,2024-01-14 08:09:40,광고가 왜이렇게 많나요?왜이래요
7 dlagus,1,2024-01-12 21:52:47,일단 겜 광고부터 말이 안된다고 생각함. 글고 같은 문제에 대한 풀이가 선생님마다 다른건 뭐임? 정답인지 오답인지 누구껄 보고 판단해서 참고해야함? 그냥 프리미엄 써서 동영상풀이 이런거로만 참고하라는 거?
임주하,5,2024-01-12 18:25:21,다 좋은데 너무 야한광고 나와요ㅠㅠ
이준호,2,2024-01-12 15:45:07,광고가 왜이렇게 많아졌죠
우주선,2,2024-01-11 15:39:34,다 좋은데요 광고가 너무 많이 나와요
이정우,1,2024-01-11 15:17:22,광고 너무 많고 모자이크에다가 이상한 과외랑 돈만 벌려고 만든 프리패스. 전 옮겨갑니다 여러분들은 걍 딴거 쓰세요
정동근,5,2024-01-11 12:50:13,콴다 덕분에 수학에 흥미가 생겼습니다. 모르는건 바로바로 검색해서 찾아볼수 있으면서 수식 계산기까지 있어 풀이와 답까지 알 수 있어서 편리하네요. pc버전으로도 나왔음 좋겠습니다!
신강현,1,2024-01-11 04:00:37,존내 긴 광고 노스킵 다발은 좀;; 공부를 하려 킨건지 광고를 보려 킨건지..
정석민,1,2024-01-10 20:40:12,광고 왜 추가한거임 달라진게 없는데 한번 찍을때마다 나오네 넘기지도 못하고
박현서,2,2024-01-10 19:35:32,광고 너무 길어요
지우,1,2024-01-10 18:17:44,"광고가 무슨 한번 할때마다 나오네요;; 심지어 몇초짜리 짧은 광고도 아니고 20,30초하는 광고를 한번 할때 마다 나오면 어쩌라는 거죠? 사용하다가 너무 화나서 적네요 전에는 잘 쓰고 있었는데 광고 조금만 줄여야할것 같아요 이건 좀 너무 심각하게 많아요"
동연양,1,2024-01-10 16:54:27,광고 시간이 너무 길어졌어요
박하민,2,2024-01-10 14:39:32,다 좋은데 문제 스캔을 하면 계속 오류가 나요
진연수이수,3,2024-01-10 13:34:28,광고가 너무 많이나오네요..
성이름,5,2024-01-09 22:33:20,숙제 베껴서 쌤한테 쳐맞고 싶으면 깔으셈
Dangerous Unknown,5,2024-01-09 20:18:54,난 이앱 싫다는 사람 이해가 안된다.
배소은,4,2024-01-09 19:42:52,너무 좋은것같아요!! 그런데 중학교 1학년부터의 문제들만 질문을 할수있더라고요. 전 초5여서 초5 수학문제 풀이방법을 보기 위해 깔았는데 안나와서 당황했어요.. 초등학교 수학문제 풀이도 질문할 수 있게 해주셨으면 좋겠어요. 제가 학원에서 중학교꺼를 예습하고있어서 도움은 됬습니다. 그치만 질문하려면 돈내야되서 아쉬워요. 대부분 문제를 찍으면 그 문제에 대한 풀이사진이 나오긴하는데 안나오는 경우도 있거든요..그리고 풀이과정 영상도 돈내고 가입해야되서 아쉽네요. 답 배껴서 그대로 적는 학생들도 많이 있을거라고 봐요. 아무튼 좋은것같아요 추천합니다
sj lee,1,2024-01-09 14:00:18,일부 선생님들이 일반풀이랑 똑같이 쓰네요...
A ?,5,2024-01-09 12:02:35,콴다 사랑해요 원래 어려워서 잘 못푸는문제였는데 문제 풀이를 보고 푸니까 단번에 풀려요 ㅋㅋ
븅딱렴,1,2024-01-08 23:03:00,콴다 이개1씨1223발2려2ㄴ아 광고 좀 적당히 처 내보내라
박민찬,2,2024-01-08 22:11:04,제가 모르는 문제를 찍었는데 제가 처음했던 답이 맞았어요 진짜 짜증나요😡🤬
심지민,1,2024-01-08 18:28:48,광고를 게임으로 받으니까 계속 공부하는데 방해되고 차라리 빨리끝나는 광고를 보여주세요 너무 불편해요
탱크굿.,2,2024-01-08 18:18:45,"문제 하나 찍을때 마다 게임 광고가 너무나 많이 나와서 공부를 방해합니다. 광고는 이해 합니다만, 공부 도와주는 앱에서 게임 광고는 아니죠"
이슌,5,2024-01-08 16:41:25,학원가기 30분전에 쓰기 좋은앱입니다
우잉걷,4,2024-01-08 14:21:38,한 문제 찍을 때마다 광고가 나오긴하지만 수식계산기가 너무 사기네요... 진짜 너무 좋습니다 수식계산기 만큼은 👍 근데 광고도 요즘 줄이신 것 같고 잘 만든 앱인 것 같네요
신주석,3,2024-01-08 11:28:06,공부할때 도움은 되는데 광고 너무 심합니다 무슨 한문제 찍을 때마다 광고 나오고.. 한두번도 아니고 계속그래서 좀 짜증납니다 광고만 좀 줄이면 좋을 것 같습니다
박진성,1,2024-01-08 10:29:58,광고가 너뮤 많이 나와요
김현정,1,2024-01-07 22:47:31,돈 내고 보라고하고 풀이와 답도 제대로 알려주지 않음
연정,1,2024-01-06 22:39:16,광고만실컷보여주고로딩2분동안질질끌다가끝끝내답을안보여줌
L,2,2024-01-06 22:35:41,"사용할 때마다 이상한 문제를 띄워주거나, 몇번을 시도해도 오류 때매 안 된다고만 함 응용문제도 이상한 문제로 띄워주고ㅜㅜ 시험 공부 중 어려운 문제 콴다로 여러번 풀어봤는데 이제 못 쓰겠네요"
rajij d,1,2024-01-06 18:20:33,광고는 ai가 직접 풀어주는것 처럼 하더니 실상은 ai가 비슷한 문제를 검색해주는 앱임
Arklux,1,2024-01-06 13:43:49,이제 하다하다 한번에 한 15~20초는 소요하는 게임 광고를 넣네 ㅋㅋ 공부앱이 아니라 양산형 게임인 줄 알겠어
돈까스,1,2024-01-05 19:23:22,광고가 무슨 5초에 1번씩 나옴? 광고로만 돈벌음?
하나은,3,2024-01-05 13:36:23,동영상 풀이 중에 계산 실수같은 오류가 너무 많아요 내용도 그냥 답지에 나와있는 풀이랑 똑같네요...ㅠㅠ
는l,2,2024-01-05 01:05:06,돈맛좀 보더니 광고 뒤지게넣네 진짜로
김세준,1,2024-01-04 19:47:50,공부앱에서 게임광고가 나오는게 맞냐;;;
남남주우,1,2024-01-04 15:45:49,광고좀 그만 붙여요
재성,1,2024-01-04 13:57:17,프리미엄 유도가 유튜브보다 심하네
정미영,5,2024-01-04 13:37:34,굿
Wood Hill,3,2024-01-04 09:29:13,콴다 이상한 광고 좀 안나왔음 좋겠어요... 독서실에서 소리 키워놓은 상태로 광고 봤는데 신음소리 나와서 당황;
Daniel Sungyoon Lee,1,2024-01-03 18:13:24,광고를 할거면 인간적으로 게임광고는 안내야 하는것 아닌가요?? 공부하는 앱이 게임광고를 내면 어떡합니까. 집중이 너무 자주 깨집니다.
김다인,5,2024-01-03 16:50:36,수학문제 어려울 때 쓰기 좋아요. 선생님들이 친절하게 설명해주셔서 좋았어요.
정혜지,1,2024-01-03 14:51:56,짜증이나요!
두-다너,2,2024-01-03 14:21:49,광고 제발^^ 10초에 한번 나와서 공부를 못하겠어요;;
강예준,5,2024-01-01 23:31:04,진짜 너무 좋아요 수식 계산기도 있어서 없는 문제는 치면 되는게 너무👍
망고,3,2023-12-29 21:03:23,찍어서 결과를 볼 수 있다는건 좋지만 동영상을 보려면 결제를 해야돼서 영상을 보다가 멈추면 그 후의 과정을 볼 수 없어서 불편합니다 학생이 더 잘 이해될 수 있도록 동영상 시청을 마음껏 할 수 있게 해주셨으면 좋겠어요
박선웅,5,2023-12-28 21:27:33,공부할때 너무 도움되요!
김지후,4,2023-12-27 20:56:39,이게 정말좋은데... 콴다선생님들이 가끔씩 틀리실떼도 있고 광고는 그렇다고 치고 그리고 태블릿은 아예 클릭 자채가 안되고 핸드폰만 되서 그게 조금 불편하네요
성유공,3,2023-12-27 15:05:43,다른건 괜찮은데 광고가 너무 많이나오고 문제를 찍어도 잘 안나옴
잡채,1,2023-12-27 00:22:12,찾는 문제는 랙걸려서 안나오는 와중에 광고는 꼬박꼬박 잘 나오는 콴다 👍
_ Astro,1,2023-12-25 17:47:02,다 좋은데 왜 코코아 광고는 2초 남은 상태에서 더 진행이 안되나요? 10분을 기다려도 그대로 광고상태네요.. 덕분에 개빡쳐서 코코아 끊었어요 감사해요
김조이,1,2023-12-24 08:31:33,쓰지도 않는데 정기결제됐어요 환불바랍니다
김민성,1,2023-12-22 21:31:05,너무 렉걸려요
롤케익tv,1,2023-12-21 23:00:17,"사회를 찍었는데 영어,수학 문제가 나옵니다.. 오류인지 모르겠는데 짜증나네요"
김민기,5,2023-12-21 16:44:50,유용함ㄹㅇ
김동하,1,2023-12-21 14:44:45,너무 재미 없어요
노현서,3,2023-12-20 21:48:36,"콴다를 오래전부터 써온 유저로써 불편한 점이 많네요.. 첫번째는 모르는 문제를 찍는데 자꾸 카메라 초점이 흔들리고 뿌옇게 나와서 문제를 정확히 찍을 수 없다는 것입니다.. 제 폰이 잘못된건가 하고 일반카메라에 들어가보면 별문제 없는데 콴다 앱에서는 그리 되네요.. 두번째는 모르는 문제를 찍고 찾아보려고 하면 광고가 뜨는데 뭐 20초~30초 정도는 아니어서 기다릴수 있지만 밤늦게 숙제하는 저로써는 하나하나 광고 기다리고 로딩이 오래 걸려서 속 답답하고 뒤집습니다... 세번째는 정확한 풀이가 아닌 답만 알려주는 경우가 있기에 모르는 문제를 정확히 알아낸게 아닌,답만 알게 된 것이라 좀 찝찝합니다.. 정확한 풀이는 돈내고 봐야하기 때문에 속상합니다 물론 돈을 벌기 위해서 어쩔수 없다는거 알지만 불편하네요 이러한 점만 고쳐주심 좋을거 같습니다!.. 🙏"
븟잉,2,2023-12-19 22:30:14,업데이트했는데 그대로 로그아웃... 몇년전에 회원가입 한거라 뭐 찿을수도 없고 어쩌라는건가요..ㅠㅠ
김범서,5,2023-12-18 20:40:12,👍광고가 쫌 짜증나는데 괜찮음
박훈성,5,2023-12-17 22:02:42,수학문제 알기 좋음
냥냥TV냥냥,3,2023-12-17 14:37:46,아니 다 좋은데요 왜 핫초코 광고가 뜰때만 2초 남았을때 오류걸리고 계속 로딩되면서 이전눌러도 뒤로 안가지고 그래서 껐다 켜도 다시 사진문제풀이로 하면 핫초코 광고가 뜨고..ㅠㅠ 이것좀 고쳐주세요ㅠㅠ
김영희,4,2023-12-16 23:17:24,다른건 모르겠고 제발 문제 잘못 찍었을 때 이전 버튼 활성화되게 해줘!
sae woom Min,5,2023-12-16 15:21:45,굿
lucy도영,1,2023-12-16 11:23:46,"선생님들 매칭이 느리고, 돈내고 질문하는건데 틀리시는 분들이 너무너무 많아요"
곰돌이,1,2023-12-14 18:03:05,중1 1학기것도 제대로 못품 광고가 너무많이나옴 잘찍었는데 이상하게나옴
Isaac,2,2023-12-13 00:41:30,광고 많이뜨고 사용자의 편리보다는 자기들의 이익을 훨씬 더 추구함. 문제를 검색했을때 비슷한 문제가 안뜸. 이걸로 내신공부하는데 동영상 문제풀이도 제대로 못봐서 어려움.
김남연,1,2023-12-12 09:19:52,학교 기출 문제를 구매했는데 풀이 해설도 없고 그냥 답번호만 적혀있네요 이럴꺼면 그냥 홈페이지에서 뽑아서 봤지 해설도 없는거 누가 사나요 환불 가능하면 부탁드립니다
다은,5,2023-12-11 12:26:33,너무 도움 돼요... ㄱㅅ합니다 ♡♡♡♡
Sophia,4,2023-12-10 23:47:25,다 좋은데 광고 ㅠ
Seohyun lee,1,2023-12-10 21:39:15,풀이가 너무 구려요 좀 잘해주세요
장시완,1,2023-12-09 21:34:15,나갔다 들어오면 렉 뒤@지게 걸리다 튕김;
Google 사용자,1,2023-12-09 12:49:19,대학생은 왜 못써..
진재형,1,2023-12-09 11:02:33,문제 찍어도 비슷한 문제도 안나오는데 뭐하러 함
배소영,5,2023-12-08 21:30:45,가끔씩 카메라가 안되요 ㅜ
이준서,2,2023-12-08 18:10:13,"어떤지 해 보았는데요. 사진을 찍고 같은 문제나,비슷한 문제가 좋은데 그 사진들이 저작권 때문에 중간 숫자를 모자이크함. 문제 풀이 영상이 있길래 봤더니 프리 패스 하라고 계속 뜸,걍 이앱이 돈 벌려고 프리패스 사게끔 함 1달 9,900원? ㅇㅇ(?) 가로로 화면이 안됨 그래도 프리패스 없이도 할 수 있지만 불편하게 사용해야됨ㅂㅂ"
황정선,5,2023-12-07 20:04:50,황지원 소파아공주님
김정현,5,2023-12-07 16:16:52,3년이상 콴다를 사용해왔는데 이번에 나온 폴리 정말 대박이네요. 마치 유능한 선생님을 곁에 두고 공부하는 것 같았어요.
김수경,1,2023-12-06 20:12:10,질문하는데 현질이라니 ㅋㅋ
사람,1,2023-12-05 23:52:22,옛날엔 좋은 앱이였지만 프리미엄붙고 과외하고 뭐하고 돈만 밝히는 앱이 되어 버리니 슬프구만
won seok lee,4,2023-12-05 22:26:16,좋다
응가,1,2023-12-05 20:55:27,게임 광고 작작 좀;;; 공부 앱에 게임광고가 도대체 왜 필요한가요;;;;
남계장レオ,2,2023-12-04 23:30:09,모르는 문제 검색하면 다른 문제 나오고 일반풀이가 없어서 선생님 답변 볼 때 마다 광고 봐야되고 분석력도 딸리고 절대 깔지마셈
정호찬,5,2023-12-03 21:36:24,진짜 공부 할 의지만 있다면 개 레전드 엡인데 부정적인 댓글들이 많네
김선재,1,2023-12-03 21:20:57,광고가 너무 많음
조서진,5,2023-12-03 00:55:07,기출문제도 볼수있고 커뮤니티에서 몰랐던 문제도 여러명이서 좋은 결과를 도출해낼수있음
장예원,1,2023-12-02 12:37:35,초반에 쓸 때는 괜찮았던 것으로 기억하는데 지금은 광고도 수도 없이 뜨는데 정확성이 좋은 것도 아니고 동영상은 30초밖에 못 보는게 그냥 프리미엄 사라는 말로 밖에 안 보입니다. 너무 안 풀려 오랜만에 써보려고 깔았는데 실망하고 갑니다. 다시 쓰진 않을 것 같네요.
김동환,1,2023-12-02 12:07:44,내가 찍은 사진을 제대로 인식하는 경우가 없음
윤25,1,2023-12-02 10:59:28,풀이에 정확히 나오는 문제가 0개이고 광고가 너무 많다
혜민,3,2023-12-02 00:20:59,게임광고만 아니면 되니까 좀 빼줘요.. 초심 너무 잃은듯
마플시너지,1,2023-12-01 00:57:52,제발 광고 줄여라 ... 문제 하나 검색하는데 10초를 써야한다.. 비효율의 극치
토토로,2,2023-11-30 22:21:58,아니 다른건 다 좋은데 왜 자꾸 밑에 버튼이 안 나오나요...이게 이 앱의 핵심인데 찍는 카메라 버튼하고 다른거 다 안뜹니다..고객센터에 문의 도 못하고...쩝..좀 별로네요
윤석찬,1,2023-11-30 18:57:33,광고좀 작작해라
쁘몽,1,2023-11-30 06:17:55,아니 기출 샀는데 왜 또 결제하라 뜨냐고요 환불을 해주든가 기출을 주든가 해주세요. 아니 돈내놓고 샀는데 또 결제하라 해서 당황스러운데 지금 1시간동안 아무것도 못하고 자꾸 저거 확인하고 계속 문의 남기느라 시간 많이 날렷고 시험도 5일밖에 안남았습니다. 진짜 당황스럽고 짜증나네요
한열,1,2023-11-30 01:51:06,가장 최고의 단점 [선생들이 틀림] 선생님들이 틀리면 학생입장에선 더욱 당황스러움 이런 문제를 고치기 위해 틀린문제 시스템을 도입했으면함 오죽하면 서울대 나온 선생보다 학생이 더 잘 풂. 이런 문제 못푸는 선생을 콴다가 걸러야한다 생각함
멍뭉이,3,2023-11-28 17:15:57,동생이 초등학교 2학년인데 문제 풀이가 다르네요..
이영은,2,2023-11-27 22:40:53,네이버로 로그인하려는데 자꾸 탈퇴한 아이디라고 뜨고 다른 아이디로 들어가려고해도 안들어가집니다. 앱을 지웠다 깔아도 마찬가지에요. 왜 그러는거죠?
정재윤,5,2023-11-27 22:20:28,굿
박제현,5,2023-11-26 17:29:17,진짜 좋은 앱중 하나! 사라지지만 않으면 진짜 완전 좋을것 같아요
서정엽,1,2023-11-25 13:02:49,그냥
Chan Hong,1,2023-11-24 20:19:15,불편합니다
eun sang,4,2023-11-24 09:40:27,모르는 문제를 빠른 시간 내에 질문하고 해결 할 수 있고 또 수준 높은 선생님을의 설명을 들으니 좋습니다. 하지만 한가지 불편한 점이 선생님들의 답장이 늦거나(하루 뒤에 오는 경우가 다반사) 답장이 안 오는 경우도 있습니다. 이런 경우 선생님에게 패널티를 적용한다던지 콴다 측에서 경고를 주거나 관리를 해야 한다고 생각합니다. 질문 하나하나가 다 돈이고 아까운데 이런데에 시간과 돈을 낭비하고 버릴 순 없습니다. 콴다 측에서 빠른 시일 내에 해결할 수 있기를 바랍니다.
김주선,5,2023-11-22 20:10:25,따봉
오민석,5,2023-11-22 19:53:52,너무좋아요
김연모,4,2023-11-22 19:42:11,좋아요
이가영,5,2023-11-21 21:03:06,모르던 풀이를 10초도 안 걸려서 풀이와 해설를 해주니까 너무 좋았어요
WUL91,1,2023-11-20 23:19:51,광고좀 없애라; 거지냐?
정순심,5,2023-11-20 07:13:53,편리해요
김호세,1,2023-11-19 20:01:35,3달정도 콴다를 사용하는 학생인대요 일단 너무 과금유도가 심해서 쓰기불편합니다 문제의대한 강의를 볼려면 30초정도 보여주다 돈내고 보라해서 힘들고 질문할려하면 돈내야되는등 돈을너무맠ㅎ이 써야 됩니다 차라리 따른거 쓰는게 나을듯 합니다
개금이,1,2023-11-19 17:56:49,문제에 관한것 1도 안나오고 다른거만 나옴 딴사람들이 그린그림은 왜보여주는지 몰으겠음 문제 를 찍고 찾아야돼는데 찍은 문제도 없고 전혀 불피요한 문제만 수두룩함 처음에는 문제가 안나오는게 그럴수있구나했는데 이제는 그냥 문제랑 상관 없는거만 나옴 그리고 문제 정확성이 거의 없다보면됌 10개 콴다에 찍으면 5개 이상 틀림 이게맞는거임? 아니면 광고 라도 안나오게 하든가 찍으면 광고 찍으면광고 광고보려고찍는게 아니라 문제 보려고 찍는건데 광고만 뜸 뭐하는거지 쫌 제대로 하든가 1점 도아깝다 걍 0점이다 평점 보고 고민 하고 바꾼다면서 고민만함 피드벡 감사하다면서 1도 안감사하면서 저럼 피드벡 한다면서1도 안함 피드벡 한다면서 한 앱 본적 없음
레온_LEON,3,2023-11-18 23:24:29,광고도 잘 안 나오고 잘 사용 중인데 과금 유도가 너무 심하네요.. 질문 한번 하는데 1350코인... 신규 가입자라면 공짜로 한번 해주든가 아니면 가격을 조금만 낮춰주면 좋을 것 같아요. 제가 초등학교 6학년인데 제가 할 수 있는거라고는 찍어서 풀이보기가 끝이예요.. 근데 기프티몰은 좋네요? ㅎ 아무튼 무과금 유저들은 질문을 못 하는기게 너무 아쉽네요...(물론 친구초대 하면 질문할 수 있지만)
김주현,5,2023-11-15 21:30:43,오늘 시작했는데 사진만으로 모르는 문제를 알려주니 넘 좋아요! 이거로 공부해서 단원평가 100점 맞음 다들 꼭 깔아보세요!
박세훈,1,2023-11-15 17:46:13,게임광고 또 광고 광고좀 그만
최형규,5,2023-11-14 23:00:22,굿
양인모,1,2023-11-14 15:17:25,아니 3300원짜리 결제했는데 코인이 충전이 안되네요 ㅋㅋㅋㅋ 그냥 돈에 미치신건가요? 영수증도 다 있는데 환불 안되나요 진짜 그냥 학생들 돈 꽁으로 처먹을라는건가
YB YUN,5,2023-11-14 09:39:49,혼자 공부하는 사람한테 최고의 앱입니다
오아란,5,2023-11-14 09:36:46,좋아요
어쩌라고',1,2023-11-13 20:16:59,한 문제 검색할 때 마다 광고 뜨는건 짜증나지만 그렇다 치고... 4초짜리는 몰라도 10초가량 긴 광고가 연달아 나오는건 좀 아니지 않나요? 광고때문에 너무 짜증나요 좀 줄일 필요가 있음;
토미카,1,2023-11-13 18:48:25,문제 찍으면 광고 많음 잘나오지도 않거나 문제 푸는 사람들이라는게 틀리기도 함
도현우,5,2023-11-13 14:10:40,좋다
Google 사용자,5,2023-11-12 21:13:29,굿
이윤미,1,2023-11-12 17:29:35,초등학생들이 사용할 수 있는게 없어서 아쉽습니다 초등학생들도 이런 콴다로 공부를 하거나 모르는 문제가 있을때등 하고싶은게 있을텐데 말이죠 그리고 코인을 꼭 돈을 내어서 모아야 하나요?? 다른 방법이 있거나 문제를 풀어서 코인을 받는 방법이 있었으면 좋겠어요 아 근데 코인모으는 방법이 뭐죠? 그리고 또 이 콴다 구조가 복잡해서 애들이 하기에는 충분이 힘들 수 있다고 생각합니다 또 초등학생들이 사용할 수 있도록 해주셨으면 합니다 이것에 대한 답변 부탁드립니다.
_Windgeon_,1,2023-11-12 14:28:22,운영을 왜 이따위로 합니까? 제대로 검열도 못합니까? 억울하게 영구정지 당했는데 문의해도 안풀어주고 혹시 욕인지 아닌지 구분이 안되십니까?진짜 욕은 멀쩡히 써있고 전 욕 하지도 않았는데 욕했다면서 영구정지 시키고
주진석,1,2023-11-11 20:18:17,동영상으로 배우려고하는데 돈내는건 진짜로 너무함 ;; 30초만 볼수있는것도 그냥 양심이 없음. 이 앱을 만든이유는 공부목적이 아닌 돈을 벌기위한 수단으로만 사용하는 것 같음. 너무 불호앱
방우이,1,2023-11-11 12:59:56,문제 정확도도 정확하지 않고 콴다 처음나왔을때부터 써왔는데 초심잃으신 느낌 확나요ㅎ 뭐 유용한 기능은 죄다 돈내고 해야되네요 예전에는 그래도 무료질문권있었는데 지금은 그런것도 없고 업데이트할수록 더 발전하는게아니라 퇴화하시는듯
송영일,3,2023-11-08 21:33:08,근본의 공부프로그램이라는 느낌이 점점 사라지는거같아요. 옛날에는 콴다로 공부만 집중해서 할수있었는데 요즘들어 수학 풀이를 보려면 항상 광고를 보게돼어 공부에 집중할수없다는것이 아쉽네요 근본의 공부 프로그램으로 돌아와주세요
하루토0722,2,2023-11-08 02:39:48,제발 광고좀...제발 공포 영화광고좀 안나오게 해주시면 안될까요? 진짜 못쓰겠어요..
ᄎᄒ,1,2023-11-07 23:19:34,사진 찍어서 문제 풀이 보는 기능이 작동되지 않아요
WoonMath수학교실,5,2023-11-07 22:27:59,갑자기 풀이검색이 안되고 있습니다. 언제쯤 정상화가 될까요? ~~~이제 검색이 잘되네요~^^
김도윤,5,2023-11-06 23:48:12,짱입니다
임시현,4,2023-11-06 21:02:19,모르는 문제를 예시에 맞게 잘알려주어서 공부할때 확실히 더 편리하게 할 수있었습니다
임승하니,3,2023-11-06 20:18:41,콴다를 쓰고있는 학생입니다 오늘 콴다에 들어가서 문제를 풀고 비슷한 답을 찾으려고 사진을 찍었는데 오류가 뜨면서 안 들어가집니다 핸드폰을 껐다 켰다 했는데 역시 안됩니다 이 문제 빨리 해결 부탁 드립니다
you tube as,3,2023-11-05 20:44:58,"모르는 문제를 알 수 있고, 좋긴 한데 광고가 너무 많이 떠서 공부 집중이 안되네요"
최주원,5,2023-11-05 15:37:24,좋다
유영지,5,2023-11-04 20:50:45,문제풀이에 참고하기에 좋네요
공공육빵,1,2023-11-04 10:34:07,모르는 문제 때문에 찍을려고 했더니 애가 인식을 안하고 계속 렉만 걸리고 문제를 보여주지도 풀이도 안나오고 불편하네요 또 다시 까니까 로그인자체도 안되네요
냐하 (DOORS),5,2023-11-03 23:45:26,도움이 됀네
박준석,1,2023-11-03 00:13:55,유료결제 하지않으면 거의 못쓸 정도임
조소윤,3,2023-11-02 16:46:54,광고가 너무 많다
박다인,5,2023-11-02 14:27:40,숙제냠얌띠
이소윤,5,2023-11-01 21:31:19,되게 자세한 내용들을 알려줘서 도움이 많이됬어요
0_gonyammi,2,2023-11-01 17:32:10,문제 찾아보기 누르구 찾고 있는 문제가 없을때 커뮤니티에 내 문제 물어보기 뜨는걸 누르고 수학으로 과목하고 업로드 하면 오류가 발생했습니다 하고 다시 시도하라 하네요 예전엔 잘 됐었는데 요즘 오류 때문에 문제를 다시 찍고 올리는 경우가 더 많아졌습니다..이것만 고쳐줘도 감사할 따름인디요..ㅠㅠ
내친칠라에 대답해라,4,2023-11-01 07:24:29,렉은 좀 많이 줄었습니다. 그치만 가끔 문제가 해결됐다고 뜨고 버튼을 눌러도 계속 로딩 중이던 상황도 있습니다.
정의의 엿,1,2023-10-31 00:10:30,콴다는 궁금한거 있으면 알려주는 앱으로 알고있는데 이건 뭐 동영상으로 알고싶으면 결제해라 이거네요. 공부하려고 온 학생들 다 떠나갑니다. 그리고 1억명학생이 하고있다는데 한국인은 5천만명정도 밖에 안되거든요. 거짓으로 올린거 더럽네여 이 앱 쓰지않길 기도합니다.
나재철,1,2023-10-29 20:04:52,쓸모업고 더러워
별거아냐,5,2023-10-29 12:08:11,폼 미쳤다리
곽승언,1,2023-10-25 22:55:36,공부하라고 만들어놓고 겜 광고가 나온데
감도호,5,2023-10-25 21:25:04,해설과 풀이과정이 잘 적혀있어서 좋았어요^^
박유천,2,2023-10-25 16:11:22,앱에서 계속 일시적인 오류가 발생한다는데 왜 이런거죠..?
열정곰이,1,2023-10-24 21:42:13,코인 5000을 결제했는데 어떻게 취소하나요 공부하는앱인게 게임광고만 심각하게 많이나오네요 공부하라는거예요 게임하라는거예요 돈아까워서 안사려고요
